Graph,T_1 Value,T_1 Pot,T_1 Ratios,T_1 Time,T_1 Orientation,T_2 Value,T_2 Pot,T_2 Pot Ratios,T_2 Orientation,B_2 Value,B_2 Pot,B_2 Pot Ratios,TileTime,BondTime
E?Bw,5,2,1,"['a', 'AAAAA']","{'a': [0, 1, 2, 3, 4], 'AAAAA': [5]}","[[[0, 0, 0, 0, 0, 1], [0, 0, 0, 0, 0, 1], [0, 0, 0, 0, 0, 1], [0, 0, 0, 0, 0, 1], [0, 0, 0, 0, 0, 1], [0, 0, 0, 0, 0, 0]]]",1,2,,,,TRUE,0.0200408,3.20E-06
E?bo,5,3,2,"['a', 'AAAB', 'Ab']","{'a': [1, 2, 3, 4], 'AAAB': [5], 'Ab': [0]}","[[[0, 0, 0, 0, 0, 0], [0, 0, 0, 0, 0, 1], [0, 0, 0, 0, 0, 1], [0, 0, 0, 0, 0, 1], [1, 0, 0, 0, 0, 0], [0, 0, 0, 0, 0, 0]], [[0, 0, 0, 0, 0, 1], [0, 0, 0, 0, 0, 0], [0, 0, 0, 0, 0, 0], [0, 0, 0, 0, 0, 0], [0, 0, 0, 0, 0, 0], [0, 0, 0, 0, 0, 0]]]",2,3,,,,TRUE,0.0940456,0.1899425
E?zo,5,4,2,"['aB', 'AAA', 'bbbB', 'b']","{'aB': [0, 1, 2], 'AAA': [4], 'bbbB': [5], 'b': [3]}","[[[0, 0, 0, 0, 1, 0], [0, 0, 0, 0, 1, 0], [0, 0, 0, 0, 1, 0], [0, 0, 0, 0, 0, 0], [0, 0, 0, 0, 0, 0], [0, 0, 0, 0, 0, 0]], [[0, 0, 0, 0, 0, 0], [0, 0, 0, 0, 0, 0], [0, 0, 0, 0, 0, 0], [0, 0, 0, 0, 0, 1], [0, 0, 0, 0, 0, 0], [1, 1, 1, 0, 0, 0]]]",2,4,,,,TRUE,0.539344,0.3649199
EUzo,5,3,2,"['aBBB', 'AbBB', 'bbB']","{'aBBB': [0], 'AbBB': [5], 'bbB': [1, 2, 3, 4]}","[[[0, 0, 0, 0, 0, 1], [0, 0, 0, 0, 0, 0], [0, 0, 0, 0, 0, 0], [0, 0, 0, 0, 0, 0], [0, 0, 0, 0, 0, 0], [0, 0, 0, 0, 0, 0]], [[0, 0, 0, 0, 0, 0], [0, 0, 0, 0, 1, 1], [1, 0, 0, 0, 0, 1], [1, 1, 0, 0, 0, 0], [1, 0, 1, 0, 0, 0], [0, 0, 0, 1, 0, 0]]]",2,3,,,,TRUE,0.3601916,1.3272178
EUzw,5,3,2,"['abB', 'AbbB', 'AbBBB']","{'abB': [1, 2, 3], 'AbbB': [0, 4], 'AbBBB': [5]}","[[[0, 0, 0, 0, 0, 0], [0, 0, 0, 0, 0, 1], [0, 0, 0, 0, 1, 0], [1, 0, 0, 0, 0, 0], [0, 0, 0, 0, 0, 0], [0, 0, 0, 0, 0, 0]], [[0, 0, 1, 0, 0, 1], [0, 0, 0, 1, 0, 0], [0, 0, 0, 0, 0, 1], [0, 0, 0, 0, 0, 1], [1, 1, 0, 0, 0, 0], [0, 0, 0, 0, 1, 0]]]",2,3,,,,TRUE,0.2833942,5.0911562
EU~w,5,4,2,"['aBB', 'AbbB', 'ABBB', 'bbbbB']","{'aBB': [1, 2], 'AbbB': [3], 'ABBB': [0], 'bbbbB': [4, 5]}","[[[0, 0, 0, 0, 0, 0], [0, 0, 0, 1, 0, 0], [1, 0, 0, 0, 0, 0], [0, 0, 0, 0, 0, 0], [0, 0, 0, 0, 0, 0], [0, 0, 0, 0, 0, 0]], [[0, 0, 0, 0, 0, 0], [0, 0, 0, 0, 0, 0], [0, 0, 0, 0, 0, 0], [1, 0, 0, 0, 1, 0], [1, 1, 1, 0, 0, 1], [1, 1, 1, 1, 0, 0]]]",2,4,,,,TRUE,11.0974286,7.0137261
EV~w,5,3,2,"['abb', 'abBB', 'AbbBB']","{'abb': [1], 'abBB': [0, 2], 'AbbBB': [3, 4, 5]}","[[[0, 0, 0, 0, 0, 1], [0, 0, 0, 1, 0, 0], [0, 0, 0, 0, 1, 0], [0, 0, 0, 0, 0, 0], [0, 0, 0, 0, 0, 0], [0, 0, 0, 0, 0, 0]], [[0, 0, 1, 0, 0, 0], [0, 0, 0, 0, 1, 1], [0, 0, 0, 1, 0, 0], [1, 0, 0, 0, 0, 1], [1, 0, 0, 1, 0, 0], [0, 0, 1, 0, 1, 0]]]",2,3,,,,TRUE,0.3998772,8.0943679
E]yw,5,3,2,"['abB', 'aBBB', 'AbbB']","{'abB': [1, 3], 'aBBB': [5], 'AbbB': [0, 2, 4]}","[[[0, 0, 0, 0, 0, 0], [0, 0, 1, 0, 0, 0], [0, 0, 0, 0, 0, 0], [1, 0, 0, 0, 0, 0], [0, 0, 0, 0, 0, 0], [0, 0, 0, 0, 1, 0]], [[0, 0, 0, 0, 1, 1], [0, 0, 0, 1, 0, 0], [1, 0, 0, 0, 0, 1], [0, 0, 0, 0, 0, 1], [0, 1, 1, 0, 0, 0], [0, 0, 0, 0, 0, 0]]]",2,3,,,,TRUE,0.4674821,1.2659206
E]zg,5,3,2,"['aBBB', 'AA', 'bbbB']","{'aBBB': [0, 1], 'AA': [3], 'bbbB': [2, 4, 5]}","[[[0, 0, 0, 1, 0, 0], [0, 0, 0, 1, 0, 0], [0, 0, 0, 0, 0, 0], [0, 0, 0, 0, 0, 0], [0, 0, 0, 0, 0, 0], [0, 0, 0, 0, 0, 0]], [[0, 0, 0, 0, 0, 0], [0, 0, 0, 0, 0, 0], [1, 1, 0, 0, 1, 0], [0, 0, 0, 0, 0, 0], [1, 1, 0, 0, 0, 1], [1, 1, 1, 0, 0, 0]]]",2,3,,,,TRUE,0.3337028,0.3220487
E]zo,5,3,2,"['aBB', 'AABB', 'bbbB']","{'aBB': [3, 4], 'AABB': [1], 'bbbB': [0, 2, 5]}","[[[0, 0, 0, 0, 0, 0], [0, 0, 0, 0, 0, 0], [0, 0, 0, 0, 0, 0], [0, 1, 0, 0, 0, 0], [0, 1, 0, 0, 0, 0], [0, 0, 0, 0, 0, 0]], [[0, 0, 1, 1, 1, 0], [0, 0, 0, 0, 0, 0], [0, 1, 0, 0, 1, 1], [0, 0, 0, 0, 0, 0], [0, 0, 0, 0, 0, 0], [1, 1, 0, 1, 0, 0]]]",2,3,,,,TRUE,0.3164432,1.4991509
E]zw,5,4,2,"['aBBB', 'ABBBB', 'bbbB', 'bbB']","{'aBBB': [4], 'ABBBB': [5], 'bbbB': [0, 1, 2], 'bbB': [3]}","[[[0, 0, 0, 0, 0, 0], [0, 0, 0, 0, 0, 0], [0, 0, 0, 0, 0, 0], [0, 0, 0, 0, 0, 0], [0, 0, 0, 0, 0, 1], [0, 0, 0, 0, 0, 0]], [[0, 0, 1, 0, 1, 1], [0, 0, 0, 1, 1, 1], [0, 1, 0, 0, 1, 1], [1, 0, 0, 0, 0, 1], [0, 0, 0, 0, 0, 0], [0, 0, 0, 0, 0, 0]]]",2,4,,,,TRUE,1.8477217,2.8910473
E]~o,5,3,2,"['aBBB', 'AAbB', 'bbbB']","{'aBBB': [0, 1], 'AAbB': [2], 'bbbB': [3, 4, 5]}","[[[0, 0, 1, 0, 0, 0], [0, 0, 1, 0, 0, 0], [0, 0, 0, 0, 0, 0], [0, 0, 0, 0, 0, 0], [0, 0, 0, 0, 0, 0], [0, 0, 0, 0, 0, 0]], [[0, 0, 0, 0, 0, 0], [0, 0, 0, 0, 0, 0], [0, 0, 0, 0, 0, 1], [1, 1, 0, 0, 1, 0], [1, 1, 1, 0, 0, 0], [1, 1, 0, 1, 0, 0]]]",2,3,,,,TRUE,0.5749226,0.1670359
E]~w,5,3,2,"['aBBBB', 'ABBBB', 'bbbB']","{'aBBBB': [5], 'ABBBB': [4], 'bbbB': [0, 1, 2, 3]}","[[[0, 0, 0, 0, 0, 0], [0, 0, 0, 0, 0, 0], [0, 0, 0, 0, 0, 0], [0, 0, 0, 0, 0, 0], [0, 0, 0, 0, 0, 0], [0, 0, 0, 0, 1, 0]], [[0, 0, 1, 0, 1, 1], [0, 0, 0, 1, 1, 1], [0, 1, 0, 0, 1, 1], [1, 0, 0, 0, 1, 1], [0, 0, 0, 0, 0, 0], [0, 0, 0, 0, 0, 0]]]",2,3,,,,TRUE,0.6329795,3.03252
E?zw,5,4,2,"['aB', 'AAbBB', 'Abbb', 'b']","{'aB': [0, 1, 2], 'AAbBB': [5], 'Abbb': [4], 'b': [3]}","[[[0, 0, 0, 0, 0, 1], [0, 0, 0, 0, 0, 1], [0, 0, 0, 0, 1, 0], [0, 0, 0, 0, 0, 0], [0, 0, 0, 0, 0, 0], [0, 0, 0, 0, 0, 0]], [[0, 0, 0, 0, 0, 0], [0, 0, 0, 0, 0, 0], [0, 0, 0, 0, 0, 0], [0, 0, 0, 0, 0, 1], [1, 1, 0, 0, 0, 1], [0, 0, 1, 0, 0, 0]]]",2,4,,,,TRUE,0.6600203,0.5925976
E^~w,5,3,2,"['aBBB', 'AABBB', 'bbbbB']","{'aBBB': [0, 1], 'AABBB': [3], 'bbbbB': [2, 4, 5]}","[[[0, 0, 0, 1, 0, 0], [0, 0, 0, 1, 0, 0], [0, 0, 0, 0, 0, 0], [0, 0, 0, 0, 0, 0], [0, 0, 0, 0, 0, 0], [0, 0, 0, 0, 0, 0]], [[0, 0, 0, 0, 0, 0], [0, 0, 0, 0, 0, 0], [1, 1, 0, 1, 0, 1], [0, 0, 0, 0, 0, 0], [1, 1, 1, 1, 0, 0], [1, 1, 0, 1, 1, 0]]]",2,3,,,,TRUE,0.5703119,4.3701851
E~~w,5,2,1,"['aaaAA', 'AAAAA']","{'aaaAA': [1, 2, 3, 4, 5], 'AAAAA': [0]}","[[[0, 0, 0, 0, 0, 0], [1, 0, 0, 0, 1, 1], [1, 1, 0, 0, 0, 1], [1, 1, 1, 0, 0, 0], [1, 0, 1, 1, 0, 0], [1, 0, 0, 1, 1, 0]]]",1,2,,,,TRUE,0.0353209,3.50E-06
E?~o,5,3,2,"['aB', 'AAAb', 'Abbb']","{'aB': [0, 1, 2, 3], 'AAAb': [5], 'Abbb': [4]}","[[[0, 0, 0, 0, 0, 1], [0, 0, 0, 0, 1, 0], [0, 0, 0, 0, 0, 1], [0, 0, 0, 0, 0, 1], [0, 0, 0, 0, 0, 0], [0, 0, 0, 0, 0, 0]], [[0, 0, 0, 0, 0, 0], [0, 0, 0, 0, 0, 0], [0, 0, 0, 0, 0, 0], [0, 0, 0, 0, 0, 0], [1, 0, 1, 1, 0, 0], [0, 1, 0, 0, 0, 0]]]",2,3,,,,TRUE,0.2970536,0.1852502
E?~w,5,3,2,"['aB', 'AAbbb', 'AAbbB']","{'aB': [0, 1, 2, 3], 'AAbbb': [5], 'AAbbB': [4]}","[[[0, 0, 0, 0, 0, 1], [0, 0, 0, 0, 1, 0], [0, 0, 0, 0, 1, 0], [0, 0, 0, 0, 0, 1], [0, 0, 0, 0, 0, 0], [0, 0, 0, 0, 0, 0]], [[0, 0, 0, 0, 0, 0], [0, 0, 0, 0, 0, 0], [0, 0, 0, 0, 0, 0], [0, 0, 0, 0, 0, 0], [1, 0, 0, 1, 0, 0], [0, 1, 1, 0, 1, 0]]]",2,3,,,,TRUE,0.2197957,0.4222624
ECR_,5,3,2,"['a', 'Ab', 'ABB']","{'a': [2, 3, 4], 'Ab': [0, 1], 'ABB': [5]}","[[[0, 0, 0, 0, 0, 0], [0, 0, 0, 0, 0, 0], [0, 0, 0, 0, 0, 1], [1, 0, 0, 0, 0, 0], [0, 1, 0, 0, 0, 0], [0, 0, 0, 0, 0, 0]], [[0, 0, 0, 0, 0, 1], [0, 0, 0, 0, 0, 1], [0, 0, 0, 0, 0, 0], [0, 0, 0, 0, 0, 0], [0, 0, 0, 0, 0, 0], [0, 0, 0, 0, 0, 0]]]",2,3,,,,TRUE,0.1442547,0.3105373
ECRo,5,4,3,"['aC', 'ABBc', 'bc', 'C']","{'aC': [3], 'ABBc': [5], 'bc': [0, 1], 'C': [2, 4]}","[[[0, 0, 0, 0, 0, 0], [0, 0, 0, 0, 0, 0], [0, 0, 0, 0, 0, 0], [0, 0, 0, 0, 0, 1], [0, 0, 0, 0, 0, 0], [0, 0, 0, 0, 0, 0]], [[0, 0, 0, 0, 0, 1], [0, 0, 0, 0, 0, 1], [0, 0, 0, 0, 0, 0], [0, 0, 0, 0, 0, 0], [0, 0, 0, 0, 0, 0], [0, 0, 0, 0, 0, 0]], [[0, 0, 0, 1, 0, 0], [0, 0, 0, 0, 1, 0], [0, 0, 0, 0, 0, 0], [0, 0, 0, 0, 0, 0], [0, 0, 0, 0, 0, 0], [0, 0, 1, 0, 0, 0]]]",3,4,,,,TRUE,5.1305755,54.051533
ECRw,5,4,2,"['aB', 'AB', 'bbbbb', 'B']","{'aB': [1, 3], 'AB': [0, 4], 'bbbbb': [5], 'B': [2]}","[[[0, 0, 0, 0, 0, 0], [0, 0, 0, 0, 1, 0], [0, 0, 0, 0, 0, 0], [1, 0, 0, 0, 0, 0], [0, 0, 0, 0, 0, 0], [0, 0, 0, 0, 0, 0]], [[0, 0, 0, 0, 0, 0], [0, 0, 0, 0, 0, 0], [0, 0, 0, 0, 0, 0], [0, 0, 0, 0, 0, 0], [0, 0, 0, 0, 0, 0], [1, 1, 1, 1, 1, 0]]]",2,4,,,,TRUE,0.4999458,0.1377067
ECYW,5,5,3,"['a', 'AAC', 'bC', 'BC', 'ccc']","{'a': [1, 2], 'AAC': [4], 'bC': [0], 'BC': [3], 'ccc': [5]}","[[[0, 0, 0, 0, 0, 0], [0, 0, 0, 0, 1, 0], [0, 0, 0, 0, 1, 0], [0, 0, 0, 0, 0, 0], [0, 0, 0, 0, 0, 0], [0, 0, 0, 0, 0, 0]], [[0, 0, 0, 1, 0, 0], [0, 0, 0, 0, 0, 0], [0, 0, 0, 0, 0, 0], [0, 0, 0, 0, 0, 0], [0, 0, 0, 0, 0, 0], [0, 0, 0, 0, 0, 0]], [[0, 0, 0, 0, 0, 0], [0, 0, 0, 0, 0, 0], [0, 0, 0, 0, 0, 0], [0, 0, 0, 0, 0, 0], [0, 0, 0, 0, 0, 0], [1, 0, 0, 1, 1, 0]]]",3,5,,,,TRUE,24.4102066,39.3239048
ECZ?,5,4,3,"['a', 'AC', 'bc', 'Bc']","{'a': [2, 3], 'AC': [0, 4], 'bc': [1], 'Bc': [5]}","[[[0, 0, 0, 0, 0, 0], [0, 0, 0, 0, 0, 0], [0, 0, 0, 0, 1, 0], [1, 0, 0, 0, 0, 0], [0, 0, 0, 0, 0, 0], [0, 0, 0, 0, 0, 0]], [[0, 0, 0, 0, 0, 0], [0, 0, 0, 0, 0, 1], [0, 0, 0, 0, 0, 0], [0, 0, 0, 0, 0, 0], [0, 0, 0, 0, 0, 0], [0, 0, 0, 0, 0, 0]], [[0, 0, 0, 0, 0, 0], [0, 0, 0, 0, 1, 0], [0, 0, 0, 0, 0, 0], [0, 0, 0, 0, 0, 0], [0, 0, 0, 0, 0, 0], [1, 0, 0, 0, 0, 0]]]",3,4,,,,TRUE,0.9529995,6.6786913
ECZG,5,4,2,"['aB', 'AAB', 'bbB', 'b']","{'aB': [0, 1], 'AAB': [5], 'bbB': [4], 'b': [2, 3]}","[[[0, 0, 0, 0, 0, 1], [0, 0, 0, 0, 0, 1], [0, 0, 0, 0, 0, 0], [0, 0, 0, 0, 0, 0], [0, 0, 0, 0, 0, 0], [0, 0, 0, 0, 0, 0]], [[0, 0, 0, 0, 0, 0], [0, 0, 0, 0, 0, 0], [0, 0, 0, 0, 1, 0], [1, 0, 0, 0, 0, 0], [0, 1, 0, 0, 0, 1], [0, 0, 0, 0, 0, 0]]]",2,4,,,,TRUE,0.7093828,0.3453516
E?bw,5,4,2,"['aB', 'AB', 'bbbbb', 'B']","{'aB': [4], 'AB': [0], 'bbbbb': [5], 'B': [1, 2, 3]}","[[[0, 0, 0, 0, 0, 0], [0, 0, 0, 0, 0, 0], [0, 0, 0, 0, 0, 0], [0, 0, 0, 0, 0, 0], [1, 0, 0, 0, 0, 0], [0, 0, 0, 0, 0, 0]], [[0, 0, 0, 0, 0, 0], [0, 0, 0, 0, 0, 0], [0, 0, 0, 0, 0, 0], [0, 0, 0, 0, 0, 0], [0, 0, 0, 0, 0, 0], [1, 1, 1, 1, 1, 0]]]",2,4,,,,TRUE,0.3751233,0.2679541
ECZO,5,4,3,"['aC', 'AB', 'bcc', 'b']","{'aC': [0, 1], 'AB': [3, 4], 'bcc': [5], 'b': [2]}","[[[0, 0, 0, 1, 0, 0], [0, 0, 0, 0, 1, 0], [0, 0, 0, 0, 0, 0], [0, 0, 0, 0, 0, 0], [0, 0, 0, 0, 0, 0], [0, 0, 0, 0, 0, 0]], [[0, 0, 0, 0, 0, 0], [0, 0, 0, 0, 0, 0], [0, 0, 0, 0, 1, 0], [0, 0, 0, 0, 0, 0], [0, 0, 0, 0, 0, 0], [0, 0, 0, 1, 0, 0]], [[0, 0, 0, 0, 0, 0], [0, 0, 0, 0, 0, 0], [0, 0, 0, 0, 0, 0], [0, 0, 0, 0, 0, 0], [0, 0, 0, 0, 0, 0], [1, 1, 0, 0, 0, 0]]]",3,4,,,,TRUE,3.9166364,40.0621738
ECZW,5,5,3,"['a', 'ABC', 'bccc', 'bC', 'BB']","{'a': [2], 'ABC': [4], 'bccc': [5], 'bC': [1, 3], 'BB': [0]}","[[[0, 0, 0, 0, 0, 0], [0, 0, 0, 0, 0, 0], [0, 0, 0, 0, 1, 0], [0, 0, 0, 0, 0, 0], [0, 0, 0, 0, 0, 0], [0, 0, 0, 0, 0, 0]], [[0, 0, 0, 0, 0, 0], [0, 0, 0, 0, 1, 0], [0, 0, 0, 0, 0, 0], [1, 0, 0, 0, 0, 0], [0, 0, 0, 0, 0, 0], [1, 0, 0, 0, 0, 0]], [[0, 0, 0, 0, 0, 0], [0, 0, 0, 0, 0, 0], [0, 0, 0, 0, 0, 0], [0, 0, 0, 0, 0, 0], [0, 0, 0, 0, 0, 0], [0, 1, 0, 1, 1, 0]]]",3,5,,,,TRUE,65.5381889,138.381366
ECZ_,5,4,2,"['aB', 'AA', 'A', 'bbb']","{'aB': [0, 1, 2], 'AA': [4], 'A': [3], 'bbb': [5]}","[[[0, 0, 0, 1, 0, 0], [0, 0, 0, 0, 1, 0], [0, 0, 0, 0, 1, 0], [0, 0, 0, 0, 0, 0], [0, 0, 0, 0, 0, 0], [0, 0, 0, 0, 0, 0]], [[0, 0, 0, 0, 0, 0], [0, 0, 0, 0, 0, 0], [0, 0, 0, 0, 0, 0], [0, 0, 0, 0, 0, 0], [0, 0, 0, 0, 0, 0], [1, 1, 1, 0, 0, 0]]]",2,4,,,,TRUE,0.6125247,0.0768717
ECZg,5,4,2,"['aB', 'Abbb', 'AbB', 'A']","{'aB': [0, 1, 2], 'Abbb': [5], 'AbB': [4], 'A': [3]}","[[[0, 0, 0, 1, 0, 0], [0, 0, 0, 0, 0, 1], [0, 0, 0, 0, 1, 0], [0, 0, 0, 0, 0, 0], [0, 0, 0, 0, 0, 0], [0, 0, 0, 0, 0, 0]], [[0, 0, 0, 0, 0, 0], [0, 0, 0, 0, 0, 0], [0, 0, 0, 0, 0, 0], [0, 0, 0, 0, 0, 0], [0, 1, 0, 0, 0, 0], [1, 0, 1, 0, 1, 0]]]",2,4,,,,TRUE,0.4617181,0.3697589
ECZo,5,3,2,"['aB', 'AAAB', 'bb']","{'aB': [1, 2, 3], 'AAAB': [5], 'bb': [0, 4]}","[[[0, 0, 0, 0, 0, 0], [0, 0, 0, 0, 0, 1], [0, 0, 0, 0, 0, 1], [0, 0, 0, 0, 0, 1], [0, 0, 0, 0, 0, 0], [0, 0, 0, 0, 0, 0]], [[0, 0, 0, 1, 0, 1], [0, 0, 0, 0, 0, 0], [0, 0, 0, 0, 0, 0], [0, 0, 0, 0, 0, 0], [0, 1, 1, 0, 0, 0], [0, 0, 0, 0, 0, 0]]]",2,3,,,,TRUE,0.1533606,0.0902636
ECZw,5,4,2,"['aB', 'AbbbB', 'Abb', 'AB']","{'aB': [0, 1, 2], 'AbbbB': [5], 'Abb': [4], 'AB': [3]}","[[[0, 0, 0, 1, 0, 0], [0, 0, 0, 0, 1, 0], [0, 0, 0, 0, 0, 1], [0, 0, 0, 0, 0, 0], [0, 0, 0, 0, 0, 0], [0, 0, 0, 0, 0, 0]], [[0, 0, 0, 0, 0, 0], [0, 0, 0, 0, 0, 0], [0, 0, 0, 0, 0, 0], [0, 0, 0, 0, 0, 0], [0, 0, 1, 0, 0, 1], [1, 1, 0, 1, 0, 0]]]",2,4,,,,TRUE,0.99482,0.1657364
ECfo,5,4,2,"['abB', 'a', 'AAAB', 'Ab']","{'abB': [0, 3], 'a': [1, 2], 'AAAB': [5], 'Ab': [4]}","[[[0, 0, 0, 0, 0, 1], [0, 0, 0, 0, 0, 1], [0, 0, 0, 0, 0, 1], [0, 0, 0, 0, 1, 0], [0, 0, 0, 0, 0, 0], [0, 0, 0, 0, 0, 0]], [[0, 0, 0, 1, 0, 0], [0, 0, 0, 0, 0, 0], [0, 0, 0, 0, 0, 0], [0, 0, 0, 0, 0, 1], [1, 0, 0, 0, 0, 0], [0, 0, 0, 0, 0, 0]]]",2,4,,,,TRUE,1.1451805,0.9220291
ECfw,5,3,1,"['aaA', 'a', 'AAAAA']","{'aaA': [0, 3, 4], 'a': [1, 2], 'AAAAA': [5]}","[[[0, 0, 0, 0, 1, 1], [0, 0, 0, 0, 0, 1], [0, 0, 0, 0, 0, 1], [1, 0, 0, 0, 0, 1], [0, 0, 0, 1, 0, 1], [0, 0, 0, 0, 0, 0]]]",1,3,,,,TRUE,0.046342,3.20E-06
ECpo,5,5,3,"['aC', 'AC', 'bc', 'BBc', 'C']","{'aC': [0], 'AC': [4], 'bc': [1, 3], 'BBc': [5], 'C': [2]}","[[[0, 0, 0, 0, 1, 0], [0, 0, 0, 0, 0, 0], [0, 0, 0, 0, 0, 0], [0, 0, 0, 0, 0, 0], [0, 0, 0, 0, 0, 0], [0, 0, 0, 0, 0, 0]], [[0, 0, 0, 0, 0, 0], [0, 0, 0, 0, 0, 1], [0, 0, 0, 0, 0, 0], [0, 0, 0, 0, 0, 1], [0, 0, 0, 0, 0, 0], [0, 0, 0, 0, 0, 0]], [[0, 0, 0, 0, 0, 0], [0, 0, 0, 0, 1, 0], [0, 0, 0, 0, 0, 0], [1, 0, 0, 0, 0, 0], [0, 0, 0, 0, 0, 0], [0, 0, 1, 0, 0, 0]]]",3,5,,,,TRUE,28.1247852,23.3625513
ECqg,5,4,2,"['aBB', 'ABB', 'bbB', 'b']","{'aBB': [0], 'ABB': [4], 'bbB': [5], 'b': [1, 2, 3]}","[[[0, 0, 0, 0, 1, 0], [0, 0, 0, 0, 0, 0], [0, 0, 0, 0, 0, 0], [0, 0, 0, 0, 0, 0], [0, 0, 0, 0, 0, 0], [0, 0, 0, 0, 0, 0]], [[0, 0, 0, 0, 0, 0], [0, 0, 0, 0, 1, 0], [0, 0, 0, 0, 0, 1], [1, 0, 0, 0, 0, 0], [0, 0, 0, 0, 0, 0], [1, 0, 0, 0, 1, 0]]]",2,4,,,,TRUE,0.5318671,0.1566553
E?ow,5,3,2,"['a', 'AAb', 'AAB']","{'a': [0, 1, 2, 3], 'AAb': [4], 'AAB': [5]}","[[[0, 0, 0, 0, 1, 0], [0, 0, 0, 0, 1, 0], [0, 0, 0, 0, 0, 1], [0, 0, 0, 0, 0, 1], [0, 0, 0, 0, 0, 0], [0, 0, 0, 0, 0, 0]], [[0, 0, 0, 0, 0, 0], [0, 0, 0, 0, 0, 0], [0, 0, 0, 0, 0, 0], [0, 0, 0, 0, 0, 0], [0, 0, 0, 0, 0, 1], [0, 0, 0, 0, 0, 0]]]",2,3,,,,TRUE,0.1641341,0.1593286
ECr_,5,5,3,"['aC', 'AC', 'bcc', 'Bcc', 'C']","{'aC': [1], 'AC': [4], 'bcc': [0], 'Bcc': [5], 'C': [2, 3]}","[[[0, 0, 0, 0, 0, 0], [0, 0, 0, 0, 1, 0], [0, 0, 0, 0, 0, 0], [0, 0, 0, 0, 0, 0], [0, 0, 0, 0, 0, 0], [0, 0, 0, 0, 0, 0]], [[0, 0, 0, 0, 0, 1], [0, 0, 0, 0, 0, 0], [0, 0, 0, 0, 0, 0], [0, 0, 0, 0, 0, 0], [0, 0, 0, 0, 0, 0], [0, 0, 0, 0, 0, 0]], [[0, 0, 0, 1, 1, 0], [0, 0, 0, 0, 0, 0], [0, 0, 0, 0, 0, 0], [0, 0, 0, 0, 0, 0], [0, 0, 0, 0, 0, 0], [0, 1, 1, 0, 0, 0]]]",3,5,,,,TRUE,33.6608862,54.1554739
ECrg,5,4,2,"['aB', 'ABBB', 'bbB', 'b']","{'aB': [1], 'ABBB': [5], 'bbB': [0, 4], 'b': [2, 3]}","[[[0, 0, 0, 0, 0, 0], [0, 0, 0, 0, 0, 1], [0, 0, 0, 0, 0, 0], [0, 0, 0, 0, 0, 0], [0, 0, 0, 0, 0, 0], [0, 0, 0, 0, 0, 0]], [[0, 0, 0, 0, 1, 1], [0, 0, 0, 0, 0, 0], [0, 0, 0, 0, 0, 1], [1, 0, 0, 0, 0, 0], [0, 1, 0, 0, 0, 1], [0, 0, 0, 0, 0, 0]]]",2,4,,,,TRUE,0.3300374,1.2013292
ECro,5,5,2,"['abBB', 'aB', 'AAA', 'bb', 'b']","{'abBB': [5], 'aB': [3, 4], 'AAA': [0], 'bb': [1], 'b': [2]}","[[[0, 0, 0, 0, 0, 0], [0, 0, 0, 0, 0, 0], [0, 0, 0, 0, 0, 0], [1, 0, 0, 0, 0, 0], [1, 0, 0, 0, 0, 0], [1, 0, 0, 0, 0, 0]], [[0, 0, 0, 0, 0, 0], [0, 0, 0, 0, 1, 1], [0, 0, 0, 0, 0, 1], [0, 0, 0, 0, 0, 0], [0, 0, 0, 0, 0, 0], [0, 0, 0, 1, 0, 0]]]",2,5,,,,TRUE,14.6713922,0.0906105
ECrw,5,4,2,"['aB', 'AAbBB', 'bbB', 'b']","{'aB': [1, 3], 'AAbBB': [5], 'bbB': [0, 4], 'b': [2]}","[[[0, 0, 0, 0, 0, 0], [0, 0, 0, 0, 0, 1], [0, 0, 0, 0, 0, 0], [0, 0, 0, 0, 0, 1], [0, 0, 0, 0, 0, 0], [0, 0, 0, 0, 0, 0]], [[0, 0, 0, 1, 1, 0], [0, 0, 0, 0, 0, 0], [0, 0, 0, 0, 0, 1], [0, 0, 0, 0, 0, 0], [0, 1, 0, 0, 0, 1], [1, 0, 0, 0, 0, 0]]]",2,4,,,,TRUE,0.5748565,1.834394
ECuw,5,4,2,"['aBBB', 'AbBB', 'bbB', 'b']","{'aBBB': [4], 'AbBB': [5], 'bbB': [0, 3], 'b': [1, 2]}","[[[0, 0, 0, 0, 0, 0], [0, 0, 0, 0, 0, 0], [0, 0, 0, 0, 0, 0], [0, 0, 0, 0, 0, 0], [0, 0, 0, 0, 0, 1], [0, 0, 0, 0, 0, 0]], [[0, 0, 0, 1, 1, 0], [0, 0, 0, 0, 1, 0], [0, 0, 0, 0, 0, 1], [0, 0, 0, 0, 1, 1], [0, 0, 0, 0, 0, 0], [1, 0, 0, 0, 0, 0]]]",2,4,,,,TRUE,1.7569638,1.1539097
ECvo,5,4,2,"['aB', 'ABBB', 'bbB', 'b']","{'aB': [1], 'ABBB': [5], 'bbB': [0, 3, 4], 'b': [2]}","[[[0, 0, 0, 0, 0, 0], [0, 0, 0, 0, 0, 1], [0, 0, 0, 0, 0, 0], [0, 0, 0, 0, 0, 0], [0, 0, 0, 0, 0, 0], [0, 0, 0, 0, 0, 0]], [[0, 0, 0, 1, 0, 1], [0, 0, 0, 0, 0, 0], [0, 0, 0, 0, 0, 1], [0, 0, 0, 0, 1, 1], [1, 1, 0, 0, 0, 0], [0, 0, 0, 0, 0, 0]]]",2,4,,,,TRUE,0.3664692,1.1769912
ECvw,5,5,2,"['aB', 'ABBB', 'bbbBB', 'bbB', 'b']","{'aB': [1], 'ABBB': [4], 'bbbBB': [5], 'bbB': [0, 3], 'b': [2]}","[[[0, 0, 0, 0, 0, 0], [0, 0, 0, 0, 1, 0], [0, 0, 0, 0, 0, 0], [0, 0, 0, 0, 0, 0], [0, 0, 0, 0, 0, 0], [0, 0, 0, 0, 0, 0]], [[0, 0, 0, 1, 1, 0], [0, 0, 0, 0, 0, 0], [0, 0, 0, 0, 0, 1], [0, 0, 0, 0, 1, 1], [0, 0, 0, 0, 0, 0], [1, 1, 0, 0, 1, 0]]]",2,5,,,,TRUE,1.6332808,2.6545251
ECxo,5,3,2,"['aB', 'Abb', 'AB']","{'aB': [1, 2, 3], 'Abb': [4, 5], 'AB': [0]}","[[[0, 0, 0, 0, 0, 0], [0, 0, 0, 0, 0, 1], [0, 0, 0, 0, 1, 0], [1, 0, 0, 0, 0, 0], [0, 0, 0, 0, 0, 0], [0, 0, 0, 0, 0, 0]], [[0, 0, 0, 0, 0, 0], [0, 0, 0, 0, 0, 0], [0, 0, 0, 0, 0, 0], [0, 0, 0, 0, 0, 0], [1, 1, 0, 0, 0, 0], [0, 0, 1, 1, 0, 0]]]",2,3,,,,TRUE,0.13523,0.197671
ECxw,5,4,2,"['aB', 'AAAB', 'bbbB', 'bb']","{'aB': [1, 2, 3], 'AAAB': [5], 'bbbB': [4], 'bb': [0]}","[[[0, 0, 0, 0, 0, 0], [0, 0, 0, 0, 0, 1], [0, 0, 0, 0, 0, 1], [0, 0, 0, 0, 0, 1], [0, 0, 0, 0, 0, 0], [0, 0, 0, 0, 0, 0]], [[0, 0, 0, 1, 1, 0], [0, 0, 0, 0, 0, 0], [0, 0, 0, 0, 0, 0], [0, 0, 0, 0, 0, 0], [0, 1, 1, 0, 0, 1], [0, 0, 0, 0, 0, 0]]]",2,4,,,,TRUE,3.1657531,0.1236299
ECzW,5,4,3,"['aC', 'ABcC', 'bcc', 'b']","{'aC': [1, 3], 'ABcC': [4, 5], 'bcc': [0], 'b': [2]}","[[[0, 0, 0, 0, 0, 0], [0, 0, 0, 0, 1, 0], [0, 0, 0, 0, 0, 0], [0, 0, 0, 0, 0, 1], [0, 0, 0, 0, 0, 0], [0, 0, 0, 0, 0, 0]], [[0, 0, 0, 0, 0, 1], [0, 0, 0, 0, 0, 0], [0, 0, 0, 0, 1, 0], [0, 0, 0, 0, 0, 0], [0, 0, 0, 0, 0, 0], [0, 0, 0, 0, 0, 0]], [[0, 0, 0, 1, 1, 0], [0, 0, 0, 0, 0, 0], [0, 0, 0, 0, 0, 0], [0, 0, 0, 0, 0, 0], [0, 0, 0, 0, 0, 1], [0, 1, 0, 0, 0, 0]]]",2,5,"['aB', 'Abbb', 'ABBB', 'bbB', 'b']","{'aB': [1, 3], 'Abbb': [5], 'ABBB': [4], 'bbB': [0], 'b': [2]}","[[[0, 0, 0, 0, 0, 0], [0, 0, 0, 0, 1, 0], [0, 0, 0, 0, 0, 0], [0, 0, 0, 0, 0, 1], [0, 0, 0, 0, 0, 0], [0, 0, 0, 0, 0, 0]], [[0, 0, 0, 1, 1, 0], [0, 0, 0, 0, 0, 0], [0, 0, 0, 0, 1, 0], [0, 0, 0, 0, 0, 0], [0, 0, 0, 0, 0, 0], [1, 1, 0, 0, 1, 0]]]",FALSE,7.5716612,2.6175325
E?qo,5,4,3,"['a', 'AAC', 'AB', 'bc']","{'a': [1, 2, 3], 'AAC': [5], 'AB': [4], 'bc': [0]}","[[[0, 0, 0, 0, 0, 0], [0, 0, 0, 0, 1, 0], [0, 0, 0, 0, 0, 1], [0, 0, 0, 0, 0, 1], [0, 0, 0, 0, 0, 0], [0, 0, 0, 0, 0, 0]], [[0, 0, 0, 0, 1, 0], [0, 0, 0, 0, 0, 0], [0, 0, 0, 0, 0, 0], [0, 0, 0, 0, 0, 0], [0, 0, 0, 0, 0, 0], [0, 0, 0, 0, 0, 0]], [[0, 0, 0, 0, 0, 1], [0, 0, 0, 0, 0, 0], [0, 0, 0, 0, 0, 0], [0, 0, 0, 0, 0, 0], [0, 0, 0, 0, 0, 0], [0, 0, 0, 0, 0, 0]]]",3,4,,,,TRUE,2.3050166,20.2820568
ECzg,5,5,2,"['ab', 'aBBB', 'AAAB', 'bbB', 'b']","{'ab': [1, 2], 'aBBB': [5], 'AAAB': [4], 'bbB': [0], 'b': [3]}","[[[0, 0, 0, 0, 0, 0], [0, 0, 0, 0, 1, 0], [0, 0, 0, 0, 1, 0], [0, 0, 0, 0, 0, 0], [0, 0, 0, 0, 0, 0], [0, 0, 0, 0, 1, 0]], [[0, 0, 0, 0, 1, 1], [0, 0, 0, 0, 0, 1], [0, 0, 0, 0, 0, 1], [1, 0, 0, 0, 0, 0], [0, 0, 0, 0, 0, 0], [0, 0, 0, 0, 0, 0]]]",2,5,,,,TRUE,31.0155541,0.3453513
ECzo,5,3,2,"['aB', 'Abbb', 'AbB']","{'aB': [1, 2, 3], 'Abbb': [5], 'AbB': [0, 4]}","[[[0, 0, 0, 0, 0, 0], [0, 0, 0, 0, 1, 0], [0, 0, 0, 0, 0, 1], [1, 0, 0, 0, 0, 0], [0, 0, 0, 0, 0, 0], [0, 0, 0, 0, 0, 0]], [[0, 0, 0, 0, 1, 0], [0, 0, 0, 0, 0, 0], [0, 0, 0, 0, 0, 0], [0, 0, 0, 0, 0, 0], [0, 0, 1, 0, 0, 0], [1, 1, 0, 1, 0, 0]]]",2,3,,,,TRUE,0.1937364,0.7382718
ECzw,5,4,2,"['aB', 'Abbb', 'AbbBB', 'AbB']","{'aB': [1, 2, 3], 'Abbb': [4], 'AbbBB': [5], 'AbB': [0]}","[[[0, 0, 0, 0, 0, 0], [0, 0, 0, 0, 1, 0], [0, 0, 0, 0, 0, 1], [1, 0, 0, 0, 0, 0], [0, 0, 0, 0, 0, 0], [0, 0, 0, 0, 0, 0]], [[0, 0, 0, 0, 0, 1], [0, 0, 0, 0, 0, 0], [0, 0, 0, 0, 0, 0], [0, 0, 0, 0, 0, 0], [1, 0, 1, 0, 0, 1], [0, 1, 0, 1, 0, 0]]]",2,4,,,,TRUE,0.8011592,1.1776363
EC~o,5,4,2,"['aBB', 'aB', 'Abbb', 'ABB']","{'aBB': [3], 'aB': [1, 2], 'Abbb': [4, 5], 'ABB': [0]}","[[[0, 0, 0, 0, 0, 0], [0, 0, 0, 0, 1, 0], [0, 0, 0, 0, 0, 1], [1, 0, 0, 0, 0, 0], [0, 0, 0, 0, 0, 0], [0, 0, 0, 0, 0, 0]], [[0, 0, 0, 0, 0, 0], [0, 0, 0, 0, 0, 0], [0, 0, 0, 0, 0, 0], [0, 0, 0, 0, 0, 0], [1, 0, 1, 1, 0, 0], [1, 1, 0, 1, 0, 0]]]",2,4,,,,TRUE,1.2830037,0.8409126
EC~w,5,4,2,"['aB', 'AABBB', 'bbbbB', 'bbB']","{'aB': [1, 2], 'AABBB': [4], 'bbbbB': [5], 'bbB': [0, 3]}","[[[0, 0, 0, 0, 0, 0], [0, 0, 0, 0, 1, 0], [0, 0, 0, 0, 1, 0], [0, 0, 0, 0, 0, 0], [0, 0, 0, 0, 0, 0], [0, 0, 0, 0, 0, 0]], [[0, 0, 0, 1, 1, 0], [0, 0, 0, 0, 0, 0], [0, 0, 0, 0, 0, 0], [0, 0, 0, 0, 1, 1], [0, 0, 0, 0, 0, 0], [1, 1, 1, 0, 1, 0]]]",2,4,,,,TRUE,3.5396008,2.7586573
EEhW,5,4,2,"['aB', 'AAB', 'bbB', 'b']","{'aB': [0, 1], 'AAB': [3], 'bbB': [4, 5], 'b': [2]}","[[[0, 0, 0, 1, 0, 0], [0, 0, 0, 1, 0, 0], [0, 0, 0, 0, 0, 0], [0, 0, 0, 0, 0, 0], [0, 0, 0, 0, 0, 0], [0, 0, 0, 0, 0, 0]], [[0, 0, 0, 0, 0, 0], [0, 0, 0, 0, 0, 0], [0, 0, 0, 0, 1, 0], [0, 0, 0, 0, 0, 0], [1, 0, 0, 0, 0, 1], [0, 1, 0, 1, 0, 0]]]",2,4,,,,TRUE,0.6255156,0.4721286
EEh_,5,4,3,"['aC', 'AB', 'bb', 'cc']","{'aC': [0, 2], 'AB': [3, 5], 'bb': [1], 'cc': [4]}","[[[0, 0, 0, 1, 0, 0], [0, 0, 0, 0, 0, 0], [0, 0, 0, 0, 0, 1], [0, 0, 0, 0, 0, 0], [0, 0, 0, 0, 0, 0], [0, 0, 0, 0, 0, 0]], [[0, 0, 0, 0, 0, 0], [0, 0, 0, 1, 0, 1], [0, 0, 0, 0, 0, 0], [0, 0, 0, 0, 0, 0], [0, 0, 0, 0, 0, 0], [0, 0, 0, 0, 0, 0]], [[0, 0, 0, 0, 0, 0], [0, 0, 0, 0, 0, 0], [0, 0, 0, 0, 0, 0], [0, 0, 0, 0, 0, 0], [1, 0, 1, 0, 0, 0], [0, 0, 0, 0, 0, 0]]]",3,4,,,,TRUE,1.8599268,2.6449177
EEho,5,4,2,"['aB', 'AA', 'AbB', 'bbb']","{'aB': [0, 1, 2], 'AA': [4], 'AbB': [3], 'bbb': [5]}","[[[0, 0, 0, 0, 1, 0], [0, 0, 0, 1, 0, 0], [0, 0, 0, 0, 1, 0], [0, 0, 0, 0, 0, 0], [0, 0, 0, 0, 0, 0], [0, 0, 0, 0, 0, 0]], [[0, 0, 0, 0, 0, 0], [0, 0, 0, 0, 0, 0], [0, 0, 0, 0, 0, 0], [1, 0, 0, 0, 0, 0], [0, 0, 0, 0, 0, 0], [0, 1, 1, 1, 0, 0]]]",2,4,,,,TRUE,0.775879,0.0697394
EEhw,5,3,2,"['aB', 'Abb', 'AbBB']","{'aB': [0, 1, 2], 'Abb': [3, 4], 'AbBB': [5]}","[[[0, 0, 0, 1, 0, 0], [0, 0, 0, 0, 0, 1], [0, 0, 0, 0, 1, 0], [0, 0, 0, 0, 0, 0], [0, 0, 0, 0, 0, 0], [0, 0, 0, 0, 0, 0]], [[0, 0, 0, 0, 0, 0], [0, 0, 0, 0, 0, 0], [0, 0, 0, 0, 0, 0], [0, 1, 0, 0, 0, 1], [1, 0, 0, 0, 0, 1], [0, 0, 1, 0, 0, 0]]]",2,3,,,,TRUE,0.193638,0.7865134
EEiW,5,4,2,"['aBB', 'ABB', 'bbB', 'b']","{'aBB': [3], 'ABB': [5], 'bbB': [0, 4], 'b': [1, 2]}","[[[0, 0, 0, 0, 0, 0], [0, 0, 0, 0, 0, 0], [0, 0, 0, 0, 0, 0], [0, 0, 0, 0, 0, 1], [0, 0, 0, 0, 0, 0], [0, 0, 0, 0, 0, 0]], [[0, 0, 0, 1, 0, 1], [0, 0, 0, 1, 0, 0], [0, 0, 0, 0, 1, 0], [0, 0, 0, 0, 0, 0], [1, 0, 0, 0, 0, 1], [0, 0, 0, 0, 0, 0]]]",2,4,,,,TRUE,1.7543263,0.2613178
E?qw,5,4,2,"['aB', 'ABBB', 'bbB', 'b']","{'aB': [0], 'ABBB': [5], 'bbB': [4], 'b': [1, 2, 3]}","[[[0, 0, 0, 0, 0, 1], [0, 0, 0, 0, 0, 0], [0, 0, 0, 0, 0, 0], [0, 0, 0, 0, 0, 0], [0, 0, 0, 0, 0, 0], [0, 0, 0, 0, 0, 0]], [[0, 0, 0, 0, 0, 0], [0, 0, 0, 0, 1, 0], [0, 0, 0, 0, 0, 1], [0, 0, 0, 0, 0, 1], [1, 0, 0, 0, 0, 1], [0, 0, 0, 0, 0, 0]]]",2,4,,,,TRUE,0.4923097,0.427821
EEio,5,5,3,"['aC', 'AB', 'bCC', 'ccC', 'c']","{'aC': [4], 'AB': [2], 'bCC': [5], 'ccC': [0, 3], 'c': [1]}","[[[0, 0, 0, 0, 0, 0], [0, 0, 0, 0, 0, 0], [0, 0, 0, 0, 0, 0], [0, 0, 0, 0, 0, 0], [0, 0, 1, 0, 0, 0], [0, 0, 0, 0, 0, 0]], [[0, 0, 0, 0, 0, 0], [0, 0, 0, 0, 0, 0], [0, 0, 0, 0, 0, 0], [0, 0, 0, 0, 0, 0], [0, 0, 0, 0, 0, 0], [0, 0, 1, 0, 0, 0]], [[0, 0, 0, 0, 1, 1], [0, 0, 0, 1, 0, 0], [0, 0, 0, 0, 0, 0], [1, 0, 0, 0, 0, 1], [0, 0, 0, 0, 0, 0], [0, 0, 0, 0, 0, 0]]]",3,5,,,,TRUE,52.9533861,168.262171
EEjW,5,4,2,"['aB', 'ABBB', 'bbB', 'b']","{'aB': [1], 'ABBB': [5], 'bbB': [0, 3, 4], 'b': [2]}","[[[0, 0, 0, 0, 0, 0], [0, 0, 0, 0, 0, 1], [0, 0, 0, 0, 0, 0], [0, 0, 0, 0, 0, 0], [0, 0, 0, 0, 0, 0], [0, 0, 0, 0, 0, 0]], [[0, 0, 0, 1, 0, 1], [0, 0, 0, 0, 0, 0], [0, 0, 0, 0, 1, 0], [0, 1, 0, 0, 0, 1], [1, 0, 0, 0, 0, 1], [0, 0, 0, 0, 0, 0]]]",2,4,,,,TRUE,0.2782292,1.2553874
EEj_,5,4,2,"['aBB', 'aB', 'AAA', 'bb']","{'aBB': [5], 'aB': [3, 4], 'AAA': [0], 'bb': [1, 2]}","[[[0, 0, 0, 0, 0, 0], [0, 0, 0, 0, 0, 0], [0, 0, 0, 0, 0, 0], [1, 0, 0, 0, 0, 0], [1, 0, 0, 0, 0, 0], [1, 0, 0, 0, 0, 0]], [[0, 0, 0, 0, 0, 0], [0, 0, 0, 1, 0, 1], [0, 0, 0, 0, 1, 1], [0, 0, 0, 0, 0, 0], [0, 0, 0, 0, 0, 0], [0, 0, 0, 0, 0, 0]]]",2,4,,,,TRUE,1.15082,0.077093
EEjo,5,4,3,"['aC', 'AcC', 'bc', 'BccC']","{'aC': [1, 4], 'AcC': [0, 3], 'bc': [2], 'BccC': [5]}","[[[0, 0, 0, 0, 0, 0], [0, 0, 0, 1, 0, 0], [0, 0, 0, 0, 0, 0], [0, 0, 0, 0, 0, 0], [1, 0, 0, 0, 0, 0], [0, 0, 0, 0, 0, 0]], [[0, 0, 0, 0, 0, 0], [0, 0, 0, 0, 0, 0], [0, 0, 0, 0, 0, 1], [0, 0, 0, 0, 0, 0], [0, 0, 0, 0, 0, 0], [0, 0, 0, 0, 0, 0]], [[0, 0, 0, 0, 0, 1], [0, 0, 0, 0, 0, 0], [0, 0, 0, 0, 1, 0], [1, 0, 0, 0, 0, 0], [0, 0, 0, 0, 0, 0], [0, 1, 0, 1, 0, 0]]]",2,5,"['aBB', 'aB', 'AAAB', 'bbb', 'bb']","{'aBB': [0], 'aB': [1, 2], 'AAAB': [5], 'bbb': [3], 'bb': [4]}","[[[0, 0, 0, 0, 0, 1], [0, 0, 0, 0, 0, 1], [0, 0, 0, 0, 0, 1], [0, 0, 0, 0, 0, 0], [0, 0, 0, 0, 0, 0], [0, 0, 0, 0, 0, 0]], [[0, 0, 0, 0, 0, 0], [0, 0, 0, 0, 0, 0], [0, 0, 0, 0, 0, 0], [1, 1, 0, 0, 0, 1], [1, 0, 1, 0, 0, 0], [0, 0, 0, 0, 0, 0]]]",FALSE,16.7362046,6.3757494
EEjw,5,3,2,"['aB', 'AAbBB', 'bbB']","{'aB': [1, 2], 'AAbBB': [5], 'bbB': [0, 3, 4]}","[[[0, 0, 0, 0, 0, 0], [0, 0, 0, 0, 0, 1], [0, 0, 0, 0, 0, 1], [0, 0, 0, 0, 0, 0], [0, 0, 0, 0, 0, 0], [0, 0, 0, 0, 0, 0]], [[0, 0, 0, 1, 1, 0], [0, 0, 0, 0, 0, 0], [0, 0, 0, 0, 0, 0], [0, 1, 0, 0, 0, 1], [0, 0, 1, 0, 0, 1], [1, 0, 0, 0, 0, 0]]]",2,3,,,,TRUE,0.1491818,2.0145511
EElw,5,3,2,"['ab', 'aBBB', 'AAbB']","{'ab': [0, 1, 2], 'aBBB': [4], 'AAbB': [3, 5]}","[[[0, 0, 0, 1, 0, 0], [0, 0, 0, 1, 0, 0], [0, 0, 0, 0, 0, 1], [0, 0, 0, 0, 0, 0], [0, 0, 0, 0, 0, 1], [0, 0, 0, 0, 0, 0]], [[0, 0, 0, 0, 1, 0], [0, 0, 0, 0, 0, 1], [0, 0, 0, 0, 1, 0], [0, 0, 0, 0, 1, 0], [0, 0, 0, 0, 0, 0], [0, 0, 0, 1, 0, 0]]]",2,3,,,,TRUE,0.3595362,0.3298161
EEno,5,4,2,"['aB', 'Abbb', 'ABBB', 'bbB']","{'aB': [1, 2], 'Abbb': [5], 'ABBB': [3], 'bbB': [0, 4]}","[[[0, 0, 0, 0, 0, 0], [0, 0, 0, 1, 0, 0], [0, 0, 0, 0, 0, 1], [0, 0, 0, 0, 0, 0], [0, 0, 0, 0, 0, 0], [0, 0, 0, 0, 0, 0]], [[0, 0, 0, 1, 1, 0], [0, 0, 0, 0, 0, 0], [0, 0, 0, 0, 0, 0], [0, 0, 0, 0, 0, 0], [0, 0, 1, 1, 0, 0], [1, 1, 0, 1, 0, 0]]]",2,4,,,,TRUE,0.7317321,1.1159674
EEnw,5,4,2,"['aB', 'AbBB', 'bbbbb', 'bBB']","{'aB': [1, 2], 'AbBB': [3, 4], 'bbbbb': [5], 'bBB': [0]}","[[[0, 0, 0, 0, 0, 0], [0, 0, 0, 1, 0, 0], [0, 0, 0, 0, 1, 0], [0, 0, 0, 0, 0, 0], [0, 0, 0, 0, 0, 0], [0, 0, 0, 0, 0, 0]], [[0, 0, 0, 1, 0, 0], [0, 0, 0, 0, 0, 0], [0, 0, 0, 0, 0, 0], [0, 0, 0, 0, 1, 0], [1, 0, 0, 0, 0, 0], [1, 1, 1, 1, 1, 0]]]",2,4,,,,TRUE,0.7239926,3.002081
EEr_,5,4,2,"['aB', 'AAB', 'bbB', 'b']","{'aB': [3, 4], 'AAB': [0], 'bbB': [1, 5], 'b': [2]}","[[[0, 0, 0, 0, 0, 0], [0, 0, 0, 0, 0, 0], [0, 0, 0, 0, 0, 0], [1, 0, 0, 0, 0, 0], [1, 0, 0, 0, 0, 0], [0, 0, 0, 0, 0, 0]], [[0, 0, 0, 0, 0, 0], [0, 0, 0, 1, 1, 0], [0, 0, 0, 0, 0, 1], [0, 0, 0, 0, 0, 0], [0, 0, 0, 0, 0, 0], [1, 1, 0, 0, 0, 0]]]",2,4,,,,TRUE,0.6992096,0.3628039
EEro,5,4,2,"['abB', 'a', 'AAAB', 'Ab']","{'abB': [0, 1, 3], 'a': [2], 'AAAB': [5], 'Ab': [4]}","[[[0, 0, 0, 0, 0, 1], [0, 0, 0, 0, 1, 0], [0, 0, 0, 0, 0, 1], [0, 0, 0, 0, 0, 1], [0, 0, 0, 0, 0, 0], [0, 0, 0, 0, 0, 0]], [[0, 0, 0, 1, 0, 0], [0, 0, 0, 0, 0, 1], [0, 0, 0, 0, 0, 0], [0, 1, 0, 0, 0, 0], [1, 0, 0, 0, 0, 0], [0, 0, 0, 0, 0, 0]]]",2,4,,,,TRUE,1.0791548,1.1918572
E?ro,5,4,3,"['a', 'AACC', 'bc', 'BB']","{'a': [2, 3], 'AACC': [5], 'bc': [0, 1], 'BB': [4]}","[[[0, 0, 0, 0, 0, 0], [0, 0, 0, 0, 0, 0], [0, 0, 0, 0, 0, 1], [0, 0, 0, 0, 0, 1], [0, 0, 0, 0, 0, 0], [0, 0, 0, 0, 0, 0]], [[0, 0, 0, 0, 1, 0], [0, 0, 0, 0, 1, 0], [0, 0, 0, 0, 0, 0], [0, 0, 0, 0, 0, 0], [0, 0, 0, 0, 0, 0], [0, 0, 0, 0, 0, 0]], [[0, 0, 0, 0, 0, 1], [0, 0, 0, 0, 0, 1], [0, 0, 0, 0, 0, 0], [0, 0, 0, 0, 0, 0], [0, 0, 0, 0, 0, 0], [0, 0, 0, 0, 0, 0]]]",3,4,,,,TRUE,4.9932196,43.1281432
EErw,5,3,1,"['aaA', 'a', 'AAAAA']","{'aaA': [0, 1, 3, 4], 'a': [2], 'AAAAA': [5]}","[[[0, 0, 0, 1, 0, 1], [0, 0, 0, 0, 1, 1], [0, 0, 0, 0, 0, 1], [0, 1, 0, 0, 0, 1], [1, 0, 0, 0, 0, 1], [0, 0, 0, 0, 0, 0]]]",1,3,,,,TRUE,0.0671995,3.40E-06
EEuw,5,4,2,"['abBB', 'AA', 'A', 'bbb']","{'abBB': [3, 4, 5], 'AA': [1], 'A': [2], 'bbb': [0]}","[[[0, 0, 0, 0, 0, 0], [0, 0, 0, 0, 0, 0], [0, 0, 0, 0, 0, 0], [0, 1, 0, 0, 0, 0], [0, 1, 0, 0, 0, 0], [0, 0, 1, 0, 0, 0]], [[0, 0, 0, 1, 1, 1], [0, 0, 0, 0, 0, 0], [0, 0, 0, 0, 0, 0], [0, 0, 0, 0, 1, 0], [0, 0, 0, 0, 0, 1], [0, 0, 0, 1, 0, 0]]]",2,4,,,,TRUE,0.8801318,1.3383053
EEvo,5,4,2,"['aBB', 'AAB', 'bbbB', 'b']","{'aBB': [0, 1], 'AAB': [4], 'bbbB': [3, 5], 'b': [2]}","[[[0, 0, 0, 0, 1, 0], [0, 0, 0, 0, 1, 0], [0, 0, 0, 0, 0, 0], [0, 0, 0, 0, 0, 0], [0, 0, 0, 0, 0, 0], [0, 0, 0, 0, 0, 0]], [[0, 0, 0, 0, 0, 0], [0, 0, 0, 0, 0, 0], [0, 0, 0, 0, 0, 1], [1, 1, 0, 0, 1, 0], [0, 0, 0, 0, 0, 0], [1, 1, 0, 1, 0, 0]]]",2,4,,,,TRUE,1.2897965,1.4207023
EEvw,5,4,2,"['aBB', 'AAbBB', 'bbbB', 'b']","{'aBB': [0, 1], 'AAbBB': [5], 'bbbB': [3, 4], 'b': [2]}","[[[0, 0, 0, 0, 0, 1], [0, 0, 0, 0, 0, 1], [0, 0, 0, 0, 0, 0], [0, 0, 0, 0, 0, 0], [0, 0, 0, 0, 0, 0], [0, 0, 0, 0, 0, 0]], [[0, 0, 0, 0, 0, 0], [0, 0, 0, 0, 0, 0], [0, 0, 0, 0, 0, 1], [1, 1, 0, 0, 1, 0], [1, 1, 0, 0, 0, 1], [0, 0, 0, 1, 0, 0]]]",2,4,,,,TRUE,0.7575195,3.9573569
EEzO,5,4,2,"['aBB', 'ABB', 'bbB', 'b']","{'aBB': [4], 'ABB': [1], 'bbB': [0, 3, 5], 'b': [2]}","[[[0, 0, 0, 0, 0, 0], [0, 0, 0, 0, 0, 0], [0, 0, 0, 0, 0, 0], [0, 0, 0, 0, 0, 0], [0, 1, 0, 0, 0, 0], [0, 0, 0, 0, 0, 0]], [[0, 0, 0, 0, 1, 1], [0, 0, 0, 0, 0, 0], [0, 0, 0, 0, 1, 0], [1, 1, 0, 0, 0, 0], [0, 0, 0, 0, 0, 0], [0, 1, 0, 1, 0, 0]]]",2,4,,,,TRUE,1.9451768,0.1702283
EEz_,5,3,2,"['ab', 'aBB', 'AbB']","{'ab': [2, 3], 'aBB': [4], 'AbB': [0, 1, 5]}","[[[0, 0, 0, 0, 0, 0], [0, 0, 0, 0, 0, 0], [0, 0, 0, 0, 0, 1], [0, 1, 0, 0, 0, 0], [1, 0, 0, 0, 0, 0], [0, 0, 0, 0, 0, 0]], [[0, 0, 0, 0, 0, 1], [0, 0, 0, 0, 1, 0], [0, 0, 0, 0, 1, 0], [1, 0, 0, 0, 0, 0], [0, 0, 0, 0, 0, 0], [0, 1, 0, 0, 0, 0]]]",2,3,,,,TRUE,0.3917368,0.3409978
EEzg,5,4,2,"['aBB', 'AABB', 'bbbB', 'bb']","{'aBB': [0, 1], 'AABB': [4], 'bbbB': [5], 'bb': [2, 3]}","[[[0, 0, 0, 0, 1, 0], [0, 0, 0, 0, 1, 0], [0, 0, 0, 0, 0, 0], [0, 0, 0, 0, 0, 0], [0, 0, 0, 0, 0, 0], [0, 0, 0, 0, 0, 0]], [[0, 0, 0, 0, 0, 0], [0, 0, 0, 0, 0, 0], [0, 0, 0, 0, 1, 1], [1, 1, 0, 0, 0, 0], [0, 0, 0, 0, 0, 0], [1, 1, 0, 0, 1, 0]]]",2,4,,,,TRUE,0.8143854,0.9128926
EEzo,5,3,2,"['aB', 'ABBB', 'bbB']","{'aB': [2], 'ABBB': [5], 'bbB': [0, 1, 3, 4]}","[[[0, 0, 0, 0, 0, 0], [0, 0, 0, 0, 0, 0], [0, 0, 0, 0, 0, 1], [0, 0, 0, 0, 0, 0], [0, 0, 0, 0, 0, 0], [0, 0, 0, 0, 0, 0]], [[0, 0, 0, 0, 1, 1], [0, 0, 0, 1, 0, 1], [0, 0, 0, 0, 0, 0], [1, 0, 0, 0, 0, 1], [0, 1, 1, 0, 0, 0], [0, 0, 0, 0, 0, 0]]]",2,3,,,,TRUE,0.129608,1.1879861
EEzw,5,4,2,"['aB', 'ABBB', 'bbbBB', 'bbB']","{'aB': [2], 'ABBB': [4], 'bbbBB': [5], 'bbB': [0, 1, 3]}","[[[0, 0, 0, 0, 0, 0], [0, 0, 0, 0, 0, 0], [0, 0, 0, 0, 1, 0], [0, 0, 0, 0, 0, 0], [0, 0, 0, 0, 0, 0], [0, 0, 0, 0, 0, 0]], [[0, 0, 0, 0, 1, 1], [0, 0, 0, 0, 1, 1], [0, 0, 0, 0, 0, 0], [1, 1, 0, 0, 0, 0], [0, 0, 0, 0, 0, 0], [0, 0, 1, 1, 1, 0]]]",2,4,,,,TRUE,0.5688892,3.5556225
EE~w,5,4,2,"['ab', 'aBB', 'Abbb', 'AbbBB']","{'ab': [2], 'aBB': [0, 1], 'Abbb': [3], 'AbbBB': [4, 5]}","[[[0, 0, 0, 1, 0, 0], [0, 0, 0, 0, 1, 0], [0, 0, 0, 0, 0, 1], [0, 0, 0, 0, 0, 0], [0, 0, 0, 0, 0, 0], [0, 0, 0, 0, 0, 0]], [[0, 0, 0, 0, 0, 0], [0, 0, 0, 0, 0, 0], [0, 0, 0, 0, 1, 0], [0, 1, 0, 0, 1, 1], [1, 0, 0, 0, 0, 1], [1, 1, 0, 0, 0, 0]]]",2,4,,,,TRUE,1.5163471,5.7102726
E?rw,5,4,2,"['aB', 'AAB', 'bbbBB', 'b']","{'aB': [0, 1], 'AAB': [4], 'bbbBB': [5], 'b': [2, 3]}","[[[0, 0, 0, 0, 1, 0], [0, 0, 0, 0, 1, 0], [0, 0, 0, 0, 0, 0], [0, 0, 0, 0, 0, 0], [0, 0, 0, 0, 0, 0], [0, 0, 0, 0, 0, 0]], [[0, 0, 0, 0, 0, 0], [0, 0, 0, 0, 0, 0], [0, 0, 0, 0, 0, 1], [0, 0, 0, 0, 0, 1], [0, 0, 0, 0, 0, 0], [1, 1, 0, 0, 1, 0]]]",2,4,,,,TRUE,0.7959664,0.9326109
EFzW,5,3,2,"['abBB', 'Abb', 'AB']","{'abBB': [3, 4, 5], 'Abb': [0, 1], 'AB': [2]}","[[[0, 0, 0, 0, 0, 0], [0, 0, 0, 0, 0, 0], [0, 0, 0, 0, 0, 0], [1, 0, 0, 0, 0, 0], [0, 0, 1, 0, 0, 0], [0, 1, 0, 0, 0, 0]], [[0, 0, 0, 0, 1, 1], [0, 0, 0, 1, 1, 0], [0, 0, 0, 0, 0, 0], [0, 0, 1, 0, 0, 0], [0, 0, 0, 0, 0, 1], [0, 0, 0, 1, 0, 0]]]",2,3,,,,TRUE,0.3592626,1.7313126
EFz_,5,3,2,"['aBB', 'ABB', 'bbB']","{'aBB': [2], 'ABB': [5], 'bbB': [0, 1, 3, 4]}","[[[0, 0, 0, 0, 0, 0], [0, 0, 0, 0, 0, 0], [0, 0, 0, 0, 0, 1], [0, 0, 0, 0, 0, 0], [0, 0, 0, 0, 0, 0], [0, 0, 0, 0, 0, 0]], [[0, 0, 0, 0, 1, 1], [0, 0, 0, 1, 0, 1], [0, 0, 0, 0, 0, 0], [1, 0, 1, 0, 0, 0], [0, 1, 1, 0, 0, 0], [0, 0, 0, 0, 0, 0]]]",2,3,,,,TRUE,0.2002021,0.1355392
EFzo,5,3,2,"['aBBB', 'AbBB', 'bbB']","{'aBBB': [5], 'AbBB': [3], 'bbB': [0, 1, 2, 4]}","[[[0, 0, 0, 0, 0, 0], [0, 0, 0, 0, 0, 0], [0, 0, 0, 0, 0, 0], [0, 0, 0, 0, 0, 0], [0, 0, 0, 0, 0, 0], [0, 0, 0, 1, 0, 0]], [[0, 0, 0, 1, 0, 1], [0, 0, 0, 1, 0, 1], [0, 0, 0, 0, 1, 1], [0, 0, 1, 0, 0, 0], [1, 1, 0, 0, 0, 0], [0, 0, 0, 0, 0, 0]]]",2,3,,,,TRUE,0.2981727,1.4521347
EFzw,5,3,2,"['aBB', 'Abbb', 'AbbBB']","{'aBB': [0, 1, 2], 'Abbb': [3, 4], 'AbbBB': [5]}","[[[0, 0, 0, 0, 1, 0], [0, 0, 0, 0, 0, 1], [0, 0, 0, 1, 0, 0], [0, 0, 0, 0, 0, 0], [0, 0, 0, 0, 0, 0], [0, 0, 0, 0, 0, 0]], [[0, 0, 0, 0, 0, 0], [0, 0, 0, 0, 0, 0], [0, 0, 0, 0, 0, 0], [1, 1, 0, 0, 0, 1], [0, 1, 1, 0, 0, 1], [1, 0, 1, 0, 0, 0]]]",2,3,,,,TRUE,0.2590666,4.5589131
EF~w,5,3,1,"['aaaAA', 'aaA', 'AAAAA']","{'aaaAA': [3, 4], 'aaA': [0, 1, 2], 'AAAAA': [5]}","[[[0, 0, 0, 1, 0, 1], [0, 0, 0, 0, 1, 1], [0, 0, 0, 0, 1, 1], [0, 1, 1, 0, 0, 1], [1, 0, 0, 1, 0, 1], [0, 0, 0, 0, 0, 0]]]",1,3,,,,TRUE,0.1437801,3.20E-06
EQjO,5,4,2,"['ab', 'aB', 'AAb', 'AAB']","{'ab': [2, 3], 'aB': [1, 4], 'AAb': [5], 'AAB': [0]}","[[[0, 0, 0, 0, 0, 0], [0, 0, 0, 0, 0, 1], [1, 0, 0, 0, 0, 0], [0, 0, 0, 0, 0, 1], [1, 0, 0, 0, 0, 0], [0, 0, 0, 0, 0, 0]], [[0, 0, 0, 0, 0, 0], [0, 0, 0, 0, 0, 0], [0, 0, 0, 0, 1, 0], [0, 1, 0, 0, 0, 0], [0, 0, 0, 0, 0, 0], [1, 0, 0, 0, 0, 0]]]",2,4,,,,TRUE,1.6282706,0.0691244
EQj_,5,4,2,"['ab', 'aBB', 'AbB', 'A']","{'ab': [1, 4], 'aBB': [5], 'AbB': [0, 2], 'A': [3]}","[[[0, 0, 0, 0, 0, 0], [0, 0, 0, 1, 0, 0], [0, 0, 0, 0, 0, 0], [0, 0, 0, 0, 0, 0], [1, 0, 0, 0, 0, 0], [0, 0, 1, 0, 0, 0]], [[0, 0, 0, 0, 0, 1], [0, 0, 0, 0, 0, 1], [1, 0, 0, 0, 0, 0], [0, 0, 0, 0, 0, 0], [0, 0, 1, 0, 0, 0], [0, 0, 0, 0, 0, 0]]]",2,4,,,,TRUE,1.1212156,0.3695177
EQjg,5,4,2,"['aB', 'ABBB', 'bbB', 'b']","{'aB': [1], 'ABBB': [5], 'bbB': [0, 2, 4], 'b': [3]}","[[[0, 0, 0, 0, 0, 0], [0, 0, 0, 0, 0, 1], [0, 0, 0, 0, 0, 0], [0, 0, 0, 0, 0, 0], [0, 0, 0, 0, 0, 0], [0, 0, 0, 0, 0, 0]], [[0, 0, 1, 0, 0, 1], [0, 0, 0, 0, 0, 0], [0, 0, 0, 0, 1, 1], [0, 1, 0, 0, 0, 0], [1, 0, 0, 0, 0, 1], [0, 0, 0, 0, 0, 0]]]",2,4,,,,TRUE,0.4587123,0.908343
EQjo,5,4,3,"['aC', 'ABBc', 'bBC', 'bc']","{'aC': [3], 'ABBc': [5], 'bBC': [0, 2], 'bc': [1, 4]}","[[[0, 0, 0, 0, 0, 0], [0, 0, 0, 0, 0, 0], [0, 0, 0, 0, 0, 0], [0, 0, 0, 0, 0, 1], [0, 0, 0, 0, 0, 0], [0, 0, 0, 0, 0, 0]], [[0, 0, 1, 0, 0, 0], [0, 0, 0, 0, 0, 1], [0, 0, 0, 0, 0, 1], [0, 0, 0, 0, 0, 0], [1, 0, 0, 0, 0, 0], [0, 0, 0, 0, 0, 0]], [[0, 0, 0, 0, 0, 0], [0, 0, 0, 1, 0, 0], [0, 0, 0, 0, 0, 0], [0, 0, 0, 0, 0, 0], [0, 0, 1, 0, 0, 0], [1, 0, 0, 0, 0, 0]]]",2,5,"['abBB', 'aB', 'AA', 'AbB', 'bbb']","{'abBB': [5], 'aB': [3, 4], 'AA': [1], 'AbB': [2], 'bbb': [0]}","[[[0, 0, 0, 0, 0, 0], [0, 0, 0, 0, 0, 0], [0, 0, 0, 0, 0, 0], [0, 1, 0, 0, 0, 0], [0, 0, 1, 0, 0, 0], [0, 1, 0, 0, 0, 0]], [[0, 0, 1, 0, 1, 1], [0, 0, 0, 0, 0, 0], [0, 0, 0, 0, 0, 1], [0, 0, 0, 0, 0, 0], [0, 0, 0, 0, 0, 0], [0, 0, 0, 1, 0, 0]]]",FALSE,12.9608271,14.7533346
EQjw,5,4,2,"['aB', 'AB', 'bbbbb', 'bBB']","{'aB': [1], 'AB': [3], 'bbbbb': [5], 'bBB': [0, 2, 4]}","[[[0, 0, 0, 0, 0, 0], [0, 0, 0, 1, 0, 0], [0, 0, 0, 0, 0, 0], [0, 0, 0, 0, 0, 0], [0, 0, 0, 0, 0, 0], [0, 0, 0, 0, 0, 0]], [[0, 0, 0, 0, 1, 0], [0, 0, 0, 0, 0, 0], [1, 0, 0, 0, 0, 0], [0, 0, 0, 0, 0, 0], [0, 0, 1, 0, 0, 0], [1, 1, 1, 1, 1, 0]]]",2,4,,,,TRUE,0.4379193,1.1713726
E?zO,5,4,2,"['aB', 'AAB', 'bbB', 'b']","{'aB': [0, 1], 'AAB': [4], 'bbB': [5], 'b': [2, 3]}","[[[0, 0, 0, 0, 1, 0], [0, 0, 0, 0, 1, 0], [0, 0, 0, 0, 0, 0], [0, 0, 0, 0, 0, 0], [0, 0, 0, 0, 0, 0], [0, 0, 0, 0, 0, 0]], [[0, 0, 0, 0, 0, 0], [0, 0, 0, 0, 0, 0], [0, 0, 0, 0, 1, 0], [0, 0, 0, 0, 0, 1], [0, 0, 0, 0, 0, 0], [1, 1, 0, 0, 0, 0]]]",2,4,,,,TRUE,1.0237958,0.2883727
EQyw,5,4,3,"['aC', 'AC', 'bcC', 'BccC']","{'aC': [1], 'AC': [3], 'bcC': [0, 2], 'BccC': [4, 5]}","[[[0, 0, 0, 0, 0, 0], [0, 0, 0, 1, 0, 0], [0, 0, 0, 0, 0, 0], [0, 0, 0, 0, 0, 0], [0, 0, 0, 0, 0, 0], [0, 0, 0, 0, 0, 0]], [[0, 0, 0, 0, 1, 0], [0, 0, 0, 0, 0, 0], [0, 0, 0, 0, 0, 1], [0, 0, 0, 0, 0, 0], [0, 0, 0, 0, 0, 0], [0, 0, 0, 0, 0, 0]], [[0, 0, 0, 0, 0, 1], [0, 0, 0, 0, 0, 0], [1, 0, 0, 0, 0, 0], [0, 0, 0, 0, 0, 0], [0, 1, 1, 0, 0, 0], [0, 0, 0, 1, 1, 0]]]",2,5,"['abBB', 'aB', 'AA', 'AbB', 'bbb']","{'abBB': [4, 5], 'aB': [1], 'AA': [3], 'AbB': [2], 'bbb': [0]}","[[[0, 0, 0, 0, 0, 0], [0, 0, 0, 1, 0, 0], [0, 0, 0, 0, 0, 0], [0, 0, 0, 0, 0, 0], [0, 0, 1, 0, 0, 0], [0, 0, 0, 1, 0, 0]], [[0, 0, 1, 0, 1, 1], [0, 0, 0, 0, 0, 0], [0, 0, 0, 0, 0, 1], [0, 0, 0, 0, 0, 0], [0, 1, 0, 0, 0, 0], [0, 0, 0, 0, 1, 0]]]",FALSE,10.8213569,13.8133786
EQzO,5,3,2,"['ab', 'aBB', 'AbB']","{'ab': [2, 3], 'aBB': [1], 'AbB': [0, 4, 5]}","[[[0, 0, 0, 0, 0, 0], [0, 0, 0, 0, 1, 0], [1, 0, 0, 0, 0, 0], [0, 0, 0, 0, 0, 1], [0, 0, 0, 0, 0, 0], [0, 0, 0, 0, 0, 0]], [[0, 0, 0, 0, 0, 1], [0, 0, 0, 0, 0, 0], [0, 0, 0, 0, 1, 0], [0, 1, 0, 0, 0, 0], [1, 0, 0, 0, 0, 0], [0, 1, 0, 0, 0, 0]]]",2,3,,,,TRUE,0.491521,0.3156559
EQzW,5,4,2,"['aB', 'ABB', 'bbbb', 'bbbB']","{'aB': [2, 3], 'ABB': [0, 1], 'bbbb': [5], 'bbbB': [4]}","[[[0, 0, 0, 0, 0, 0], [0, 0, 0, 0, 0, 0], [1, 0, 0, 0, 0, 0], [0, 1, 0, 0, 0, 0], [0, 0, 0, 0, 0, 0], [0, 0, 0, 0, 0, 0]], [[0, 0, 0, 0, 0, 0], [0, 0, 0, 0, 0, 0], [0, 0, 0, 0, 0, 0], [0, 0, 0, 0, 0, 0], [1, 1, 1, 0, 0, 0], [1, 1, 0, 1, 1, 0]]]",2,4,,,,TRUE,0.4465956,1.1088528
EQzg,5,4,2,"['aBBB', 'AbBB', 'bbB', 'b']","{'aBBB': [5], 'AbBB': [4], 'bbB': [0, 1, 2], 'b': [3]}","[[[0, 0, 0, 0, 0, 0], [0, 0, 0, 0, 0, 0], [0, 0, 0, 0, 0, 0], [0, 0, 0, 0, 0, 0], [0, 0, 0, 0, 0, 0], [0, 0, 0, 0, 1, 0]], [[0, 0, 1, 0, 0, 1], [0, 0, 0, 0, 1, 1], [0, 0, 0, 0, 1, 1], [0, 1, 0, 0, 0, 0], [1, 0, 0, 0, 0, 0], [0, 0, 0, 0, 0, 0]]]",2,4,,,,TRUE,1.0534027,1.1955421
EQzo,5,3,2,"['aB', 'ABBB', 'bbB']","{'aB': [3], 'ABBB': [5], 'bbB': [0, 1, 2, 4]}","[[[0, 0, 0, 0, 0, 0], [0, 0, 0, 0, 0, 0], [0, 0, 0, 0, 0, 0], [0, 0, 0, 0, 0, 1], [0, 0, 0, 0, 0, 0], [0, 0, 0, 0, 0, 0]], [[0, 0, 1, 0, 0, 1], [0, 0, 0, 1, 0, 1], [0, 0, 0, 0, 1, 1], [0, 0, 0, 0, 0, 0], [1, 1, 0, 0, 0, 0], [0, 0, 0, 0, 0, 0]]]",2,3,,,,TRUE,0.1542145,1.2170554
EQzw,5,4,2,"['ab', 'aBBB', 'AAbBB', 'bbB']","{'ab': [3], 'aBBB': [4], 'AAbBB': [5], 'bbB': [0, 1, 2]}","[[[0, 0, 0, 0, 0, 0], [0, 0, 0, 0, 0, 0], [0, 0, 0, 0, 0, 0], [0, 0, 0, 0, 0, 1], [0, 0, 0, 0, 0, 1], [0, 0, 0, 0, 0, 0]], [[0, 0, 1, 0, 1, 0], [0, 0, 0, 0, 1, 1], [0, 0, 0, 0, 1, 1], [0, 1, 0, 0, 0, 0], [0, 0, 0, 0, 0, 0], [1, 0, 0, 0, 0, 0]]]",2,4,,,,TRUE,1.7129415,3.6564669
EQ~o,5,3,2,"['abB', 'Abb', 'AbBB']","{'abB': [1, 2, 3], 'Abb': [0], 'AbBB': [4, 5]}","[[[0, 0, 0, 0, 0, 0], [0, 0, 0, 0, 1, 0], [1, 0, 0, 0, 0, 0], [0, 0, 0, 0, 0, 1], [0, 0, 0, 0, 0, 0], [0, 0, 0, 0, 0, 0]], [[0, 0, 0, 0, 1, 1], [0, 0, 0, 0, 0, 1], [0, 0, 0, 0, 1, 0], [0, 1, 0, 0, 0, 0], [0, 0, 0, 1, 0, 0], [0, 0, 1, 0, 0, 0]]]",2,3,,,,TRUE,0.6896035,1.0969672
EQ~w,5,3,1,"['aaaAA', 'aaA', 'AAAAA']","{'aaaAA': [5], 'aaA': [0, 1, 2, 3], 'AAAAA': [4]}","[[[0, 0, 0, 0, 1, 1], [0, 0, 0, 0, 1, 1], [1, 0, 0, 0, 1, 0], [0, 1, 0, 0, 1, 0], [0, 0, 0, 0, 0, 0], [0, 0, 1, 1, 1, 0]]]",1,3,,,,TRUE,0.1577111,4.10E-06
ETno,5,4,2,"['abB', 'aBBB', 'a', 'AbbB']","{'abB': [4], 'aBBB': [3], 'a': [1], 'AbbB': [0, 2, 5]}","[[[0, 0, 0, 0, 0, 0], [0, 0, 0, 0, 0, 1], [0, 0, 0, 0, 0, 0], [0, 0, 1, 0, 0, 0], [1, 0, 0, 0, 0, 0], [0, 0, 0, 0, 0, 0]], [[0, 0, 0, 1, 0, 1], [0, 0, 0, 0, 0, 0], [1, 0, 0, 0, 1, 0], [0, 0, 0, 0, 0, 0], [0, 0, 0, 1, 0, 0], [0, 0, 1, 1, 0, 0]]]",2,4,,,,TRUE,1.4707753,0.9986176
ETnw,5,4,2,"['aBBB', 'ABBBB', 'bbbB', 'b']","{'aBBB': [2], 'ABBBB': [5], 'bbbB': [0, 3, 4], 'b': [1]}","[[[0, 0, 0, 0, 0, 0], [0, 0, 0, 0, 0, 0], [0, 0, 0, 0, 0, 1], [0, 0, 0, 0, 0, 0], [0, 0, 0, 0, 0, 0], [0, 0, 0, 0, 0, 0]], [[0, 0, 1, 1, 0, 1], [0, 0, 0, 0, 0, 1], [0, 0, 0, 0, 0, 0], [0, 0, 1, 0, 1, 1], [1, 0, 1, 0, 0, 1], [0, 0, 0, 0, 0, 0]]]",2,4,,,,TRUE,1.2178457,1.5470158
E?zW,5,4,2,"['aB', 'a', 'AAAB', 'Abbb']","{'aB': [0, 1], 'a': [2, 3], 'AAAB': [5], 'Abbb': [4]}","[[[0, 0, 0, 0, 0, 1], [0, 0, 0, 0, 0, 1], [0, 0, 0, 0, 1, 0], [0, 0, 0, 0, 0, 1], [0, 0, 0, 0, 0, 0], [0, 0, 0, 0, 0, 0]], [[0, 0, 0, 0, 0, 0], [0, 0, 0, 0, 0, 0], [0, 0, 0, 0, 0, 0], [0, 0, 0, 0, 0, 0], [1, 1, 0, 0, 0, 1], [0, 0, 0, 0, 0, 0]]]",2,4,,,,TRUE,0.8704698,0.3079596
ETzg,5,3,2,"['abBB', 'AAAB', 'bb']","{'abBB': [0, 2, 4], 'AAAB': [5], 'bb': [1, 3]}","[[[0, 0, 0, 0, 0, 1], [0, 0, 0, 0, 0, 0], [0, 0, 0, 0, 0, 1], [0, 0, 0, 0, 0, 0], [0, 0, 0, 0, 0, 1], [0, 0, 0, 0, 0, 0]], [[0, 0, 0, 0, 1, 0], [0, 0, 0, 0, 1, 1], [1, 0, 0, 0, 0, 0], [1, 0, 1, 0, 0, 0], [0, 0, 1, 0, 0, 0], [0, 0, 0, 0, 0, 0]]]",2,3,,,,TRUE,0.5770953,0.4240943
ETzo,5,3,2,"['abBB', 'Abb', 'AB']","{'abBB': [0, 2, 5], 'Abb': [3, 4], 'AB': [1]}","[[[0, 0, 0, 1, 0, 0], [0, 0, 0, 0, 0, 0], [0, 0, 0, 0, 1, 0], [0, 0, 0, 0, 0, 0], [0, 0, 0, 0, 0, 0], [0, 1, 0, 0, 0, 0]], [[0, 0, 1, 0, 0, 0], [0, 0, 0, 0, 0, 0], [0, 0, 0, 0, 0, 1], [0, 0, 1, 0, 0, 1], [1, 1, 0, 0, 0, 0], [1, 0, 0, 0, 0, 0]]]",2,3,,,,TRUE,0.3950461,1.8249372
ETzw,5,4,2,"['aBB', 'aB', 'AABBB', 'bbbB']","{'aBB': [3], 'aB': [1], 'AABBB': [5], 'bbbB': [0, 2, 4]}","[[[0, 0, 0, 0, 0, 0], [0, 0, 0, 0, 0, 1], [0, 0, 0, 0, 0, 0], [0, 0, 0, 0, 0, 1], [0, 0, 0, 0, 0, 0], [0, 0, 0, 0, 0, 0]], [[0, 0, 1, 1, 0, 1], [0, 0, 0, 0, 0, 0], [0, 0, 0, 1, 1, 1], [0, 0, 0, 0, 0, 0], [1, 1, 0, 0, 0, 1], [0, 0, 0, 0, 0, 0]]]",2,4,,,,TRUE,0.8127788,4.0466455
ET~w,5,3,2,"['abBB', 'ab', 'AAbbB']","{'abBB': [0, 2, 3], 'ab': [1], 'AAbbB': [4, 5]}","[[[0, 0, 0, 0, 0, 1], [0, 0, 0, 0, 1, 0], [0, 0, 0, 0, 0, 1], [0, 0, 0, 0, 1, 0], [0, 0, 0, 0, 0, 0], [0, 0, 0, 0, 0, 0]], [[0, 0, 1, 0, 0, 0], [0, 0, 0, 0, 0, 1], [0, 0, 0, 1, 0, 0], [1, 0, 0, 0, 0, 0], [1, 0, 1, 0, 0, 0], [0, 0, 0, 1, 1, 0]]]",2,3,,,,TRUE,0.2273547,4.064718
EUZO,5,4,3,"['aC', 'AB', 'bCC', 'ccC']","{'aC': [2], 'AB': [4], 'bCC': [1], 'ccC': [0, 3, 5]}","[[[0, 0, 0, 0, 0, 0], [0, 0, 0, 0, 0, 0], [0, 0, 0, 0, 1, 0], [0, 0, 0, 0, 0, 0], [0, 0, 0, 0, 0, 0], [0, 0, 0, 0, 0, 0]], [[0, 0, 0, 0, 0, 0], [0, 0, 0, 0, 1, 0], [0, 0, 0, 0, 0, 0], [0, 0, 0, 0, 0, 0], [0, 0, 0, 0, 0, 0], [0, 0, 0, 0, 0, 0]], [[0, 0, 1, 0, 0, 1], [0, 0, 0, 0, 0, 0], [0, 0, 0, 0, 0, 0], [1, 1, 0, 0, 0, 0], [0, 0, 0, 0, 0, 0], [0, 1, 0, 1, 0, 0]]]",3,4,,,,TRUE,13.7544584,406.1867086
EUZ_,5,3,2,"['aB', 'AAB', 'bbB']","{'aB': [3, 4], 'AAB': [1], 'bbB': [0, 2, 5]}","[[[0, 0, 0, 0, 0, 0], [0, 0, 0, 0, 0, 0], [0, 0, 0, 0, 0, 0], [0, 1, 0, 0, 0, 0], [0, 1, 0, 0, 0, 0], [0, 0, 0, 0, 0, 0]], [[0, 0, 0, 1, 0, 1], [0, 0, 0, 0, 0, 0], [1, 0, 0, 0, 1, 0], [0, 0, 0, 0, 0, 0], [0, 0, 0, 0, 0, 0], [0, 1, 1, 0, 0, 0]]]",2,3,,,,TRUE,0.2208086,0.3584941
EUZo,5,3,2,"['abB', 'AAAB', 'Ab']","{'abB': [0, 1, 2, 3], 'AAAB': [5], 'Ab': [4]}","[[[0, 0, 0, 0, 0, 1], [0, 0, 0, 0, 1, 0], [0, 0, 0, 0, 0, 1], [0, 0, 0, 0, 0, 1], [0, 0, 0, 0, 0, 0], [0, 0, 0, 0, 0, 0]], [[0, 0, 0, 1, 0, 0], [0, 0, 0, 0, 0, 1], [1, 0, 0, 0, 0, 0], [0, 1, 0, 0, 0, 0], [0, 0, 1, 0, 0, 0], [0, 0, 0, 0, 0, 0]]]",2,3,,,,TRUE,0.3418599,1.3077155
EUZw,5,2,1,"['aaA', 'AAAAA']","{'aaA': [0, 1, 2, 3, 4], 'AAAAA': [5]}","[[[0, 0, 1, 0, 0, 1], [0, 0, 0, 1, 0, 1], [0, 0, 0, 0, 1, 1], [1, 0, 0, 0, 0, 1], [0, 1, 0, 0, 0, 1], [0, 0, 0, 0, 0, 0]]]",1,2,,,,TRUE,0.025544,3.60E-06
EUxo,5,3,2,"['aBB', 'ABB', 'bbB']","{'aBB': [3], 'ABB': [1], 'bbB': [0, 2, 4, 5]}","[[[0, 0, 0, 0, 0, 0], [0, 0, 0, 0, 0, 0], [0, 0, 0, 0, 0, 0], [0, 1, 0, 0, 0, 0], [0, 0, 0, 0, 0, 0], [0, 0, 0, 0, 0, 0]], [[0, 0, 1, 1, 0, 0], [0, 0, 0, 0, 0, 0], [0, 0, 0, 0, 1, 1], [0, 0, 0, 0, 0, 0], [1, 1, 0, 0, 0, 0], [0, 1, 0, 1, 0, 0]]]",2,3,,,,TRUE,0.2047681,0.1403986
EUzW,5,4,2,"['abB', 'aBBB', 'AbbB', 'Ab']","{'abB': [1, 3], 'aBBB': [4], 'AbbB': [0, 5], 'Ab': [2]}","[[[0, 0, 0, 0, 0, 0], [0, 0, 0, 0, 0, 1], [0, 0, 0, 0, 0, 0], [1, 0, 0, 0, 0, 0], [0, 0, 1, 0, 0, 0], [0, 0, 0, 0, 0, 0]], [[0, 0, 0, 0, 1, 1], [0, 0, 0, 0, 1, 0], [1, 0, 0, 0, 0, 0], [0, 1, 0, 0, 0, 0], [0, 0, 0, 0, 0, 0], [0, 0, 0, 1, 1, 0]]]",2,4,,,,TRUE,2.3030055,1.42704
