Graph,T_1 Value,T_1 Pot,T_1 Time,T_1 Orientation,T_2 Value,T_2 Pot,T_2 Pot Ratios,T_2 Orientation,B_2 Value,B_2 Pot,B_2 Orientation,SamePot,TileTime,BondTime
E?Bw,3,2,1,"['bbbbb', 'B']","{'bbbbb': [5], 'B': [0, 1, 2, 3, 4]}","[[[0, 0, 0, 0, 0, 0], [0, 0, 0, 0, 0, 0], [0, 0, 0, 0, 0, 0], [0, 0, 0, 0, 0, 0], [0, 0, 0, 0, 0, 0], [0, 0, 0, 0, 0, 0]], [[0, 0, 0, 0, 0, 0], [0, 0, 0, 0, 0, 0], [0, 0, 0, 0, 0, 0], [0, 0, 0, 0, 0, 0], [0, 0, 0, 0, 0, 0], [1, 1, 1, 1, 1, 0]]]",1,2,,,,TRUE,0.0118924,4.41E-05
E?bo,3,3,2,"['ac', 'Accc', 'C']","{'ac': [0], 'Accc': [5], 'C': [1, 2, 3, 4]}","[[[0, 0, 0, 0, 0, 1], [0, 0, 0, 0, 0, 0], [0, 0, 0, 0, 0, 0], [0, 0, 0, 0, 0, 0], [0, 0, 0, 0, 0, 0], [0, 0, 0, 0, 0, 0]], [[0, 0, 0, 0, 0, 0], [0, 0, 0, 0, 0, 0], [0, 0, 0, 0, 0, 0], [0, 0, 0, 0, 0, 0], [0, 0, 0, 0, 0, 0], [0, 0, 0, 0, 0, 0]], [[0, 0, 0, 0, 1, 0], [0, 0, 0, 0, 0, 0], [0, 0, 0, 0, 0, 0], [0, 0, 0, 0, 0, 0], [0, 0, 0, 0, 0, 0], [0, 1, 1, 1, 0, 0]]]",2,3,,,,TRUE,0.0816335,0.294296
E?zo,3,4,2,"['aaa', 'a', 'Ab', 'ABBB']","{'aaa': [4], 'a': [3], 'Ab': [0, 1, 2], 'ABBB': [5]}","[[[0, 0, 0, 0, 0, 0], [0, 0, 0, 0, 0, 0], [0, 0, 0, 0, 0, 0], [0, 0, 0, 0, 0, 1], [1, 1, 1, 0, 0, 0], [0, 0, 0, 0, 0, 0]], [[0, 0, 0, 0, 0, 1], [0, 0, 0, 0, 0, 1], [0, 0, 0, 0, 0, 1], [0, 0, 0, 0, 0, 0], [0, 0, 0, 0, 0, 0], [0, 0, 0, 0, 0, 0]], [[0, 0, 0, 0, 0, 0], [0, 0, 0, 0, 0, 0], [0, 0, 0, 0, 0, 0], [0, 0, 0, 0, 0, 0], [0, 0, 0, 0, 0, 0], [0, 0, 0, 0, 0, 0]]]",2,4,,,,TRUE,0.0692657,0.6926374
EUzo,3,3,2,"['aaAC', 'aAA', 'acc']","{'aaAC': [0, 5], 'aAA': [1, 3, 4], 'acc': [2]}","[[[0, 0, 0, 1, 0, 1], [0, 0, 0, 0, 1, 0], [0, 0, 0, 0, 1, 0], [0, 1, 0, 0, 0, 0], [1, 0, 0, 0, 0, 0], [0, 1, 0, 1, 0, 0]], [[0, 0, 0, 0, 0, 0], [0, 0, 0, 0, 0, 0], [0, 0, 0, 0, 0, 0], [0, 0, 0, 0, 0, 0], [0, 0, 0, 0, 0, 0], [0, 0, 0, 0, 0, 0]], [[0, 0, 0, 0, 0, 0], [0, 0, 0, 0, 0, 0], [1, 0, 0, 0, 0, 1], [0, 0, 0, 0, 0, 0], [0, 0, 0, 0, 0, 0], [0, 0, 0, 0, 0, 0]]]",2,3,,,,TRUE,1.0976804,2.3905419
EUzw,3,3,2,"['aaaAB', 'aAAB', 'aAb']","{'aaaAB': [5], 'aAAB': [0, 4], 'aAb': [1, 2, 3]}","[[[0, 0, 1, 0, 0, 0], [0, 0, 0, 0, 1, 0], [0, 0, 0, 0, 0, 1], [0, 1, 0, 0, 0, 0], [1, 0, 0, 0, 0, 0], [1, 0, 0, 1, 1, 0]], [[0, 0, 0, 0, 0, 0], [0, 0, 0, 0, 0, 1], [0, 0, 0, 0, 1, 0], [1, 0, 0, 0, 0, 0], [0, 0, 0, 0, 0, 0], [0, 0, 0, 0, 0, 0]]]",2,3,,,,TRUE,0.0422961,4.0824825
EU~w,3,4,2,"['aAbbB', 'aAb', 'abBB', 'AAB']","{'aAbbB': [4, 5], 'aAb': [2], 'abBB': [0, 3], 'AAB': [1]}","[[[0, 0, 0, 0, 1, 0], [0, 0, 0, 0, 0, 0], [0, 0, 0, 0, 0, 1], [0, 1, 0, 0, 0, 0], [0, 0, 1, 0, 0, 0], [0, 1, 0, 0, 0, 0]], [[0, 0, 0, 0, 0, 1], [0, 0, 0, 0, 0, 0], [1, 0, 0, 0, 0, 0], [1, 0, 0, 0, 0, 0], [0, 1, 0, 1, 0, 0], [0, 0, 0, 1, 1, 0]]]",2,4,,,,TRUE,1.1205232,4.586572
EV~w,3,3,2,"['aAAbB', 'abb', 'abBB']","{'aAAbB': [3, 4, 5], 'abb': [1], 'abBB': [0, 2]}","[[[0, 0, 0, 0, 1, 0], [0, 0, 0, 0, 0, 1], [0, 0, 0, 1, 0, 0], [0, 0, 0, 0, 1, 0], [0, 0, 0, 0, 0, 1], [0, 0, 0, 1, 0, 0]], [[0, 0, 1, 0, 0, 0], [0, 0, 0, 1, 1, 0], [0, 0, 0, 0, 0, 1], [1, 0, 0, 0, 0, 0], [0, 0, 1, 0, 0, 0], [1, 0, 0, 0, 0, 0]]]",2,3,,,,TRUE,0.0608644,5.8051611
E]yw,3,3,2,"['bbB', 'bBBC', 'bccc']","{'bbB': [1, 3], 'bBBC': [2, 4, 5], 'bccc': [0]}","[[[0, 0, 0, 0, 0, 0], [0, 0, 0, 0, 0, 0], [0, 0, 0, 0, 0, 0], [0, 0, 0, 0, 0, 0], [0, 0, 0, 0, 0, 0], [0, 0, 0, 0, 0, 0]], [[0, 0, 0, 1, 0, 0], [0, 0, 1, 0, 1, 0], [0, 0, 0, 0, 0, 1], [0, 1, 0, 0, 0, 1], [0, 0, 1, 0, 0, 0], [0, 0, 0, 0, 1, 0]], [[0, 0, 1, 0, 1, 1], [0, 0, 0, 0, 0, 0], [0, 0, 0, 0, 0, 0], [0, 0, 0, 0, 0, 0], [0, 0, 0, 0, 0, 0], [0, 0, 0, 0, 0, 0]]]",2,3,,,,TRUE,0.5405884,1.3829302
E]zg,3,3,3,"['aa', 'Abbb', 'BBcC']","{'aa': [3], 'Abbb': [0, 1], 'BBcC': [2, 4, 5]}","[[[0, 0, 0, 0, 0, 0], [0, 0, 0, 0, 0, 0], [0, 0, 0, 0, 0, 0], [1, 1, 0, 0, 0, 0], [0, 0, 0, 0, 0, 0], [0, 0, 0, 0, 0, 0]], [[0, 0, 1, 0, 1, 1], [0, 0, 1, 0, 1, 1], [0, 0, 0, 0, 0, 0], [0, 0, 0, 0, 0, 0], [0, 0, 0, 0, 0, 0], [0, 0, 0, 0, 0, 0]], [[0, 0, 0, 0, 0, 0], [0, 0, 0, 0, 0, 0], [0, 0, 0, 0, 0, 1], [0, 0, 0, 0, 0, 0], [0, 0, 1, 0, 0, 0], [0, 0, 0, 0, 1, 0]]]",2,4,"['aaaB', 'AbBB', 'AB', 'bbbB']","{'aaaB': [0], 'AbBB': [4, 5], 'AB': [3], 'bbbB': [1, 2]}","[[[0, 0, 0, 1, 1, 1], [0, 0, 0, 0, 0, 0], [0, 0, 0, 0, 0, 0], [0, 0, 0, 0, 0, 0], [0, 0, 0, 0, 0, 0], [0, 0, 0, 0, 0, 0]], [[0, 0, 0, 0, 0, 0], [0, 0, 0, 1, 1, 1], [1, 1, 0, 0, 1, 0], [0, 0, 0, 0, 0, 0], [0, 0, 0, 0, 0, 1], [0, 0, 1, 0, 0, 0]]]",FALSE,1.4042209,1.2766161
E]zo,3,3,2,"['abbB', 'AbB', 'ABBB']","{'abbB': [0, 1, 5], 'AbB': [3, 4], 'ABBB': [2]}","[[[0, 0, 1, 0, 0, 0], [0, 0, 0, 0, 1, 0], [0, 0, 0, 0, 0, 0], [0, 0, 0, 0, 0, 0], [0, 0, 0, 0, 0, 0], [0, 0, 0, 1, 0, 0]], [[0, 0, 0, 1, 1, 0], [0, 0, 1, 0, 0, 1], [0, 0, 0, 0, 0, 0], [0, 1, 0, 0, 0, 0], [0, 0, 1, 0, 0, 0], [1, 0, 1, 0, 0, 0]], [[0, 0, 0, 0, 0, 0], [0, 0, 0, 0, 0, 0], [0, 0, 0, 0, 0, 0], [0, 0, 0, 0, 0, 0], [0, 0, 0, 0, 0, 0], [0, 0, 0, 0, 0, 0]]]",2,3,,,,TRUE,1.3327415,1.9732595
E]zw,3,4,2,"['aaAb', 'aAAA', 'aBBBB', 'AAb']","{'aaAb': [0, 2, 4], 'aAAA': [1], 'aBBBB': [5], 'AAb': [3]}","[[[0, 0, 1, 1, 0, 0], [0, 0, 0, 1, 0, 0], [0, 1, 0, 0, 1, 0], [0, 0, 0, 0, 0, 0], [1, 1, 0, 0, 0, 0], [0, 1, 0, 0, 0, 0]], [[0, 0, 0, 0, 0, 1], [0, 0, 0, 0, 0, 0], [0, 0, 0, 0, 0, 1], [0, 0, 0, 0, 0, 1], [0, 0, 0, 0, 0, 1], [0, 0, 0, 0, 0, 0]]]",2,4,,,,TRUE,0.6321857,2.7527978
E]~o,3,3,3,"['aAbC', 'bccc', 'BBcC']","{'aAbC': [1, 3, 5], 'bccc': [0], 'BBcC': [2, 4]}","[[[0, 0, 0, 0, 0, 0], [0, 0, 0, 0, 0, 1], [0, 0, 0, 0, 0, 0], [0, 1, 0, 0, 0, 0], [0, 0, 0, 0, 0, 0], [0, 0, 0, 1, 0, 0]], [[0, 0, 0, 0, 1, 0], [0, 0, 1, 0, 0, 0], [0, 0, 0, 0, 0, 0], [0, 0, 0, 0, 1, 0], [0, 0, 0, 0, 0, 0], [0, 0, 1, 0, 0, 0]], [[0, 0, 1, 1, 0, 1], [0, 0, 0, 0, 0, 0], [0, 0, 0, 0, 1, 0], [0, 0, 0, 0, 0, 0], [0, 1, 0, 0, 0, 0], [0, 0, 0, 0, 0, 0]]]",2,3,"['aaaA', 'aAAB', 'Abbb']","{'aaaA': [2, 5], 'aAAB': [0, 1, 4], 'Abbb': [3]}","[[[0, 0, 0, 0, 0, 1], [0, 0, 0, 0, 1, 0], [1, 1, 0, 0, 1, 0], [0, 0, 0, 0, 0, 0], [1, 0, 0, 0, 0, 0], [0, 1, 1, 1, 0, 0]], [[0, 0, 0, 0, 0, 0], [0, 0, 0, 0, 0, 0], [0, 0, 0, 0, 0, 0], [1, 1, 0, 0, 1, 0], [0, 0, 0, 0, 0, 0], [0, 0, 0, 0, 0, 0]]]",FALSE,1.6604622,0.7937549
E]~w,3,3,2,"['abbbB', 'AAbb', 'bBBB']","{'abbbB': [4, 5], 'AAbb': [3], 'bBBB': [0, 1, 2]}","[[[0, 0, 0, 0, 0, 0], [0, 0, 0, 0, 0, 0], [0, 0, 0, 0, 0, 0], [0, 0, 0, 0, 0, 0], [0, 0, 0, 1, 0, 0], [0, 0, 0, 1, 0, 0]], [[0, 0, 1, 0, 0, 0], [0, 0, 0, 0, 1, 0], [0, 1, 0, 0, 0, 0], [1, 1, 0, 0, 0, 0], [1, 0, 1, 0, 0, 1], [1, 1, 1, 0, 0, 0]]]",2,3,,,,TRUE,0.6686259,3.9808662
E?zw,3,4,2,"['aaab', 'a', 'Ab', 'ABBBB']","{'aaab': [4], 'a': [3], 'Ab': [0, 1, 2], 'ABBBB': [5]}","[[[0, 0, 0, 0, 0, 0], [0, 0, 0, 0, 0, 0], [0, 0, 0, 0, 0, 0], [0, 0, 0, 0, 0, 1], [1, 1, 1, 0, 0, 0], [0, 0, 0, 0, 0, 0]], [[0, 0, 0, 0, 0, 1], [0, 0, 0, 0, 0, 1], [0, 0, 0, 0, 0, 1], [0, 0, 0, 0, 0, 0], [0, 0, 0, 0, 0, 1], [0, 0, 0, 0, 0, 0]]]",2,4,,,,TRUE,0.1426708,0.8975103
E^~w,3,3,2,"['aaAAA', 'aaAb', 'aaABB']","{'aaAAA': [2, 3, 4], 'aaAb': [0, 1], 'aaABB': [5]}","[[[0, 0, 1, 1, 0, 0], [0, 0, 1, 0, 1, 0], [0, 0, 0, 1, 0, 1], [0, 1, 0, 0, 1, 0], [1, 0, 1, 0, 0, 0], [0, 0, 0, 1, 1, 0]], [[0, 0, 0, 0, 0, 1], [0, 0, 0, 0, 0, 1], [0, 0, 0, 0, 0, 0], [0, 0, 0, 0, 0, 0], [0, 0, 0, 0, 0, 0], [0, 0, 0, 0, 0, 0]]]",2,3,,,,TRUE,0.5069493,5.0930306
E~~w,3,2,1,"['bbbBB', 'BBBBB']","{'bbbBB': [0, 2, 3, 4, 5], 'BBBBB': [1]}","[[[0, 0, 0, 0, 0, 0], [0, 0, 0, 0, 0, 0], [0, 0, 0, 0, 0, 0], [0, 0, 0, 0, 0, 0], [0, 0, 0, 0, 0, 0], [0, 0, 0, 0, 0, 0]], [[0, 1, 0, 0, 1, 1], [0, 0, 0, 0, 0, 0], [1, 1, 0, 0, 1, 0], [1, 1, 1, 0, 0, 0], [0, 1, 0, 1, 0, 1], [0, 1, 1, 1, 0, 0]]]",1,2,,,,TRUE,0.0581744,7.95E-05
E?~o,3,3,2,"['aB', 'AAAA', 'bbbb']","{'aB': [0, 1, 2, 3], 'AAAA': [4], 'bbbb': [5]}","[[[0, 0, 0, 0, 1, 0], [0, 0, 0, 0, 1, 0], [0, 0, 0, 0, 1, 0], [0, 0, 0, 0, 1, 0], [0, 0, 0, 0, 0, 0], [0, 0, 0, 0, 0, 0]], [[0, 0, 0, 0, 0, 0], [0, 0, 0, 0, 0, 0], [0, 0, 0, 0, 0, 0], [0, 0, 0, 0, 0, 0], [0, 0, 0, 0, 0, 0], [1, 1, 1, 1, 0, 0]], [[0, 0, 0, 0, 0, 0], [0, 0, 0, 0, 0, 0], [0, 0, 0, 0, 0, 0], [0, 0, 0, 0, 0, 0], [0, 0, 0, 0, 0, 0], [0, 0, 0, 0, 0, 0]]]",2,3,,,,TRUE,0.4296989,0.3151056
E?~w,3,3,2,"['aaaaB', 'AB', 'bbbbb']","{'aaaaB': [4], 'AB': [0, 1, 2, 3], 'bbbbb': [5]}","[[[0, 0, 0, 0, 0, 0], [0, 0, 0, 0, 0, 0], [0, 0, 0, 0, 0, 0], [0, 0, 0, 0, 0, 0], [1, 1, 1, 1, 0, 0], [0, 0, 0, 0, 0, 0]], [[0, 0, 0, 0, 0, 0], [0, 0, 0, 0, 0, 0], [0, 0, 0, 0, 0, 0], [0, 0, 0, 0, 0, 0], [0, 0, 0, 0, 0, 0], [1, 1, 1, 1, 1, 0]]]",2,3,,,,TRUE,0.1460886,0.6067435
ECR_,3,3,2,"['aaC', 'AC', 'c']","{'aaC': [5], 'AC': [0, 1], 'c': [2, 3, 4]}","[[[0, 0, 0, 0, 0, 0], [0, 0, 0, 0, 0, 0], [0, 0, 0, 0, 0, 0], [0, 0, 0, 0, 0, 0], [0, 0, 0, 0, 0, 0], [1, 1, 0, 0, 0, 0]], [[0, 0, 0, 0, 0, 0], [0, 0, 0, 0, 0, 0], [0, 0, 0, 0, 0, 0], [0, 0, 0, 0, 0, 0], [0, 0, 0, 0, 0, 0], [0, 0, 0, 0, 0, 0]], [[0, 0, 0, 0, 0, 0], [0, 0, 0, 0, 0, 0], [0, 0, 0, 0, 0, 1], [1, 0, 0, 0, 0, 0], [0, 1, 0, 0, 0, 0], [0, 0, 0, 0, 0, 0]]]",2,3,,,,TRUE,0.0212148,0.3025949
ECRo,3,4,3,"['ac', 'AbcC', 'AB', 'C']","{'ac': [1, 3], 'AbcC': [5], 'AB': [0], 'C': [2, 4]}","[[[0, 0, 0, 0, 0, 0], [0, 0, 0, 0, 0, 1], [0, 0, 0, 0, 0, 0], [1, 0, 0, 0, 0, 0], [0, 0, 0, 0, 0, 0], [0, 0, 0, 0, 0, 0]], [[0, 0, 0, 0, 0, 0], [0, 0, 0, 0, 0, 0], [0, 0, 0, 0, 0, 0], [0, 0, 0, 0, 0, 0], [0, 0, 0, 0, 0, 0], [1, 0, 0, 0, 0, 0]], [[0, 0, 0, 0, 0, 0], [0, 0, 0, 0, 1, 0], [0, 0, 0, 0, 0, 0], [0, 0, 0, 0, 0, 1], [0, 0, 0, 0, 0, 0], [0, 0, 1, 0, 0, 0]]]",3,4,,,,TRUE,0.8840578,131.519811
ECRw,3,4,2,"['aabbb', 'Ab', 'BB', 'B']","{'aabbb': [5], 'Ab': [0, 1], 'BB': [3, 4], 'B': [2]}","[[[0, 0, 0, 0, 0, 0], [0, 0, 0, 0, 0, 0], [0, 0, 0, 0, 0, 0], [0, 0, 0, 0, 0, 0], [0, 0, 0, 0, 0, 0], [1, 1, 0, 0, 0, 0]], [[0, 0, 0, 1, 0, 0], [0, 0, 0, 0, 1, 0], [0, 0, 0, 0, 0, 0], [0, 0, 0, 0, 0, 0], [0, 0, 0, 0, 0, 0], [0, 0, 1, 1, 1, 0]]]",2,4,,,,TRUE,0.2903544,0.3049575
ECYW,3,5,3,"['ac', 'aC', 'a', 'AAb', 'AAB']","{'ac': [3], 'aC': [0], 'a': [1, 2], 'AAb': [5], 'AAB': [4]}","[[[0, 0, 0, 0, 0, 1], [0, 0, 0, 0, 1, 0], [0, 0, 0, 0, 1, 0], [0, 0, 0, 0, 0, 1], [0, 0, 0, 0, 0, 0], [0, 0, 0, 0, 0, 0]], [[0, 0, 0, 0, 0, 0], [0, 0, 0, 0, 0, 0], [0, 0, 0, 0, 0, 0], [0, 0, 0, 0, 0, 0], [0, 0, 0, 0, 0, 0], [0, 0, 0, 0, 1, 0]], [[0, 0, 0, 0, 0, 0], [0, 0, 0, 0, 0, 0], [0, 0, 0, 0, 0, 0], [1, 0, 0, 0, 0, 0], [0, 0, 0, 0, 0, 0], [0, 0, 0, 0, 0, 0]]]",3,5,,,,TRUE,7.4718231,110.6300642
ECZ?,3,4,3,"['bc', 'bC', 'BD', 'd']","{'bc': [5], 'bC': [1], 'BD': [0, 4], 'd': [2, 3]}","[[[0, 0, 0, 0, 0, 0], [0, 0, 0, 0, 0, 0], [0, 0, 0, 0, 0, 0], [0, 0, 0, 0, 0, 0], [0, 0, 0, 0, 0, 0], [0, 0, 0, 0, 0, 0]], [[0, 0, 0, 0, 0, 0], [0, 0, 0, 0, 1, 0], [0, 0, 0, 0, 0, 0], [0, 0, 0, 0, 0, 0], [0, 0, 0, 0, 0, 0], [1, 0, 0, 0, 0, 0]], [[0, 0, 0, 0, 0, 0], [0, 0, 0, 0, 0, 0], [0, 0, 0, 0, 0, 0], [0, 0, 0, 0, 0, 0], [0, 0, 0, 0, 0, 0], [0, 1, 0, 0, 0, 0]], [[0, 0, 0, 0, 0, 0], [0, 0, 0, 0, 0, 0], [0, 0, 0, 0, 1, 0], [1, 0, 0, 0, 0, 0], [0, 0, 0, 0, 0, 0], [0, 0, 0, 0, 0, 0]]]",3,4,,,,TRUE,2.7411105,9.8146931
ECZG,3,4,3,"['aAb', 'a', 'Ac', 'BCC']","{'aAb': [4], 'a': [2, 3], 'Ac': [0, 1], 'BCC': [5]}","[[[0, 0, 0, 0, 0, 0], [0, 0, 0, 0, 0, 0], [0, 0, 0, 0, 1, 0], [1, 0, 0, 0, 0, 0], [0, 1, 0, 0, 0, 0], [0, 0, 0, 0, 0, 0]], [[0, 0, 0, 0, 0, 0], [0, 0, 0, 0, 0, 0], [0, 0, 0, 0, 0, 0], [0, 0, 0, 0, 0, 0], [0, 0, 0, 0, 0, 1], [0, 0, 0, 0, 0, 0]], [[0, 0, 0, 0, 0, 1], [0, 0, 0, 0, 0, 1], [0, 0, 0, 0, 0, 0], [0, 0, 0, 0, 0, 0], [0, 0, 0, 0, 0, 0], [0, 0, 0, 0, 0, 0]]]",2,4,"['aaB', 'AB', 'bbB', 'b']","{'aaB': [5], 'AB': [0, 1], 'bbB': [4], 'b': [2, 3]}","[[[0, 0, 0, 0, 0, 0], [0, 0, 0, 0, 0, 0], [0, 0, 0, 0, 0, 0], [0, 0, 0, 0, 0, 0], [0, 0, 0, 0, 0, 0], [1, 1, 0, 0, 0, 0]], [[0, 0, 0, 0, 0, 0], [0, 0, 0, 0, 0, 0], [0, 0, 0, 0, 1, 0], [1, 0, 0, 0, 0, 0], [0, 1, 0, 0, 0, 1], [0, 0, 0, 0, 0, 0]]]",FALSE,1.1159584,0.7980415
E?bw,3,4,2,"['ab', 'Ab', 'b', 'BBBBB']","{'ab': [0], 'Ab': [4], 'b': [1, 2, 3], 'BBBBB': [5]}","[[[0, 0, 0, 0, 1, 0], [0, 0, 0, 0, 0, 0], [0, 0, 0, 0, 0, 0], [0, 0, 0, 0, 0, 0], [0, 0, 0, 0, 0, 0], [0, 0, 0, 0, 0, 0]], [[0, 0, 0, 0, 0, 1], [0, 0, 0, 0, 0, 1], [0, 0, 0, 0, 0, 1], [0, 0, 0, 0, 0, 1], [0, 0, 0, 0, 0, 1], [0, 0, 0, 0, 0, 0]]]",2,4,,,,TRUE,0.1831738,0.5815783
ECZO,3,4,3,"['aC', 'Ab', 'BBc', 'c']","{'aC': [3, 4], 'Ab': [0, 1], 'BBc': [5], 'c': [2]}","[[[0, 0, 0, 0, 0, 0], [0, 0, 0, 0, 0, 0], [0, 0, 0, 0, 0, 0], [1, 0, 0, 0, 0, 0], [0, 1, 0, 0, 0, 0], [0, 0, 0, 0, 0, 0]], [[0, 0, 0, 0, 0, 1], [0, 0, 0, 0, 0, 1], [0, 0, 0, 0, 0, 0], [0, 0, 0, 0, 0, 0], [0, 0, 0, 0, 0, 0], [0, 0, 0, 0, 0, 0]], [[0, 0, 0, 0, 0, 0], [0, 0, 0, 0, 0, 0], [0, 0, 0, 0, 1, 0], [0, 0, 0, 0, 0, 0], [0, 0, 0, 0, 0, 0], [0, 0, 0, 1, 0, 0]]]",3,4,,,,TRUE,0.2518253,37.7570621
ECZW,3,5,3,"['ac', 'aC', 'AAAB', 'bcC', 'C']","{'ac': [0, 1], 'aC': [3], 'AAAB': [5], 'bcC': [4], 'C': [2]}","[[[0, 0, 0, 0, 0, 1], [0, 0, 0, 0, 0, 1], [0, 0, 0, 0, 0, 0], [0, 0, 0, 0, 0, 1], [0, 0, 0, 0, 0, 0], [0, 0, 0, 0, 0, 0]], [[0, 0, 0, 0, 0, 0], [0, 0, 0, 0, 0, 0], [0, 0, 0, 0, 0, 0], [0, 0, 0, 0, 0, 0], [0, 0, 0, 0, 0, 1], [0, 0, 0, 0, 0, 0]], [[0, 0, 0, 1, 0, 0], [0, 0, 0, 0, 1, 0], [0, 0, 0, 0, 0, 0], [0, 0, 0, 0, 0, 0], [0, 0, 1, 0, 0, 0], [0, 0, 0, 0, 0, 0]]]",3,5,,,,TRUE,1.0795061,146.3712949
ECZ_,3,4,2,"['bbb', 'Bc', 'CC', 'C']","{'bbb': [5], 'Bc': [0, 1, 2], 'CC': [4], 'C': [3]}","[[[0, 0, 0, 0, 0, 0], [0, 0, 0, 0, 0, 0], [0, 0, 0, 0, 0, 0], [0, 0, 0, 0, 0, 0], [0, 0, 0, 0, 0, 0], [0, 0, 0, 0, 0, 0]], [[0, 0, 0, 0, 0, 0], [0, 0, 0, 0, 0, 0], [0, 0, 0, 0, 0, 0], [0, 0, 0, 0, 0, 0], [0, 0, 0, 0, 0, 0], [1, 1, 1, 0, 0, 0]], [[0, 0, 0, 1, 0, 0], [0, 0, 0, 0, 1, 0], [0, 0, 0, 0, 1, 0], [0, 0, 0, 0, 0, 0], [0, 0, 0, 0, 0, 0], [0, 0, 0, 0, 0, 0]]]",2,4,,,,TRUE,0.3686494,0.361133
ECZg,3,4,2,"['abb', 'aB', 'AAAA', 'b']","{'abb': [4], 'aB': [0, 1, 2], 'AAAA': [5], 'b': [3]}","[[[0, 0, 0, 0, 0, 1], [0, 0, 0, 0, 0, 1], [0, 0, 0, 0, 0, 1], [0, 0, 0, 0, 0, 0], [0, 0, 0, 0, 0, 1], [0, 0, 0, 0, 0, 0]], [[0, 0, 0, 0, 0, 0], [0, 0, 0, 0, 0, 0], [0, 0, 0, 0, 0, 0], [1, 0, 0, 0, 0, 0], [0, 1, 1, 0, 0, 0], [0, 0, 0, 0, 0, 0]], [[0, 0, 0, 0, 0, 0], [0, 0, 0, 0, 0, 0], [0, 0, 0, 0, 0, 0], [0, 0, 0, 0, 0, 0], [0, 0, 0, 0, 0, 0], [0, 0, 0, 0, 0, 0]]]",2,4,,,,TRUE,0.1212124,0.9606536
ECZo,3,3,2,"['bbbc', 'Bc', 'CC']","{'bbbc': [5], 'Bc': [0, 1, 2], 'CC': [3, 4]}","[[[0, 0, 0, 0, 0, 0], [0, 0, 0, 0, 0, 0], [0, 0, 0, 0, 0, 0], [0, 0, 0, 0, 0, 0], [0, 0, 0, 0, 0, 0], [0, 0, 0, 0, 0, 0]], [[0, 0, 0, 0, 0, 0], [0, 0, 0, 0, 0, 0], [0, 0, 0, 0, 0, 0], [0, 0, 0, 0, 0, 0], [0, 0, 0, 0, 0, 0], [1, 1, 1, 0, 0, 0]], [[0, 0, 0, 1, 0, 0], [0, 0, 0, 0, 1, 0], [0, 0, 0, 0, 1, 0], [0, 0, 0, 0, 0, 0], [0, 0, 0, 0, 0, 0], [0, 0, 0, 1, 0, 0]]]",2,3,,,,TRUE,0.1231842,0.2058131
ECZw,3,4,2,"['ab', 'aBBBB', 'AAA', 'Ab']","{'ab': [1, 2, 3], 'aBBBB': [5], 'AAA': [4], 'Ab': [0]}","[[[0, 0, 0, 0, 0, 0], [0, 0, 0, 0, 1, 0], [0, 0, 0, 0, 1, 0], [1, 0, 0, 0, 0, 0], [0, 0, 0, 0, 0, 0], [0, 0, 0, 0, 1, 0]], [[0, 0, 0, 0, 0, 1], [0, 0, 0, 0, 0, 1], [0, 0, 0, 0, 0, 1], [0, 0, 0, 0, 0, 1], [0, 0, 0, 0, 0, 0], [0, 0, 0, 0, 0, 0]]]",2,4,,,,TRUE,0.2020008,0.4711317
ECfo,3,4,3,"['abB', 'Ab', 'ABCC', 'c']","{'abB': [0, 3], 'Ab': [4], 'ABCC': [5], 'c': [1, 2]}","[[[0, 0, 0, 0, 1, 0], [0, 0, 0, 0, 0, 0], [0, 0, 0, 0, 0, 0], [0, 0, 0, 0, 0, 1], [0, 0, 0, 0, 0, 0], [0, 0, 0, 0, 0, 0]], [[0, 0, 0, 0, 0, 1], [0, 0, 0, 0, 0, 0], [0, 0, 0, 0, 0, 0], [1, 0, 0, 0, 0, 0], [0, 0, 0, 1, 0, 0], [0, 0, 0, 0, 0, 0]], [[0, 0, 0, 0, 0, 0], [0, 0, 0, 0, 0, 1], [0, 0, 0, 0, 0, 1], [0, 0, 0, 0, 0, 0], [0, 0, 0, 0, 0, 0], [0, 0, 0, 0, 0, 0]]]",2,4,"['aAB', 'ab', 'Abbb', 'B']","{'aAB': [0, 3], 'ab': [4], 'Abbb': [5], 'B': [1, 2]}","[[[0, 0, 0, 1, 0, 0], [0, 0, 0, 0, 0, 0], [0, 0, 0, 0, 0, 0], [0, 0, 0, 0, 0, 1], [1, 0, 0, 0, 0, 0], [0, 0, 0, 0, 0, 0]], [[0, 0, 0, 0, 0, 0], [0, 0, 0, 0, 0, 0], [0, 0, 0, 0, 0, 0], [0, 0, 0, 0, 0, 0], [0, 0, 0, 1, 0, 0], [1, 1, 1, 0, 0, 0]]]",FALSE,0.1736435,0.9819551
ECfw,3,3,1,"['bbbbb', 'bBB', 'B']","{'bbbbb': [5], 'bBB': [0, 3, 4], 'B': [1, 2]}","[[[0, 0, 0, 0, 0, 0], [0, 0, 0, 0, 0, 0], [0, 0, 0, 0, 0, 0], [0, 0, 0, 0, 0, 0], [0, 0, 0, 0, 0, 0], [0, 0, 0, 0, 0, 0]], [[0, 0, 0, 0, 1, 0], [0, 0, 0, 0, 0, 0], [0, 0, 0, 0, 0, 0], [1, 0, 0, 0, 0, 0], [0, 0, 0, 1, 0, 0], [1, 1, 1, 1, 1, 0]]]",1,3,,,,TRUE,0.0181793,4.85E-05
ECpo,3,5,3,"['ac', 'Abc', 'AB', 'CC', 'C']","{'ac': [3, 4], 'Abc': [5], 'AB': [1], 'CC': [0], 'C': [2]}","[[[0, 0, 0, 0, 0, 0], [0, 0, 0, 0, 0, 0], [0, 0, 0, 0, 0, 0], [0, 0, 0, 0, 0, 1], [0, 1, 0, 0, 0, 0], [0, 0, 0, 0, 0, 0]], [[0, 0, 0, 0, 0, 0], [0, 0, 0, 0, 0, 0], [0, 0, 0, 0, 0, 0], [0, 0, 0, 0, 0, 0], [0, 0, 0, 0, 0, 0], [0, 1, 0, 0, 0, 0]], [[0, 0, 0, 0, 0, 0], [0, 0, 0, 0, 0, 0], [0, 0, 0, 0, 0, 0], [1, 0, 0, 0, 0, 0], [1, 0, 0, 0, 0, 0], [0, 0, 1, 0, 0, 0]]]",3,5,,,,TRUE,2.9801247,35.1580561
ECqg,3,4,2,"['bCC', 'BCC', 'ccC', 'c']","{'bCC': [4], 'BCC': [0], 'ccC': [5], 'c': [1, 2, 3]}","[[[0, 0, 0, 0, 0, 0], [0, 0, 0, 0, 0, 0], [0, 0, 0, 0, 0, 0], [0, 0, 0, 0, 0, 0], [0, 0, 0, 0, 0, 0], [0, 0, 0, 0, 0, 0]], [[0, 0, 0, 0, 0, 0], [0, 0, 0, 0, 0, 0], [0, 0, 0, 0, 0, 0], [0, 0, 0, 0, 0, 0], [1, 0, 0, 0, 0, 0], [0, 0, 0, 0, 0, 0]], [[0, 0, 0, 0, 0, 0], [0, 0, 0, 0, 1, 0], [0, 0, 0, 0, 0, 1], [1, 0, 0, 0, 0, 0], [0, 0, 0, 0, 0, 0], [1, 0, 0, 0, 1, 0]]]",2,4,,,,TRUE,0.6871242,0.3966697
E?ow,3,3,2,"['aab', 'aaB', 'A']","{'aab': [4], 'aaB': [5], 'A': [0, 1, 2, 3]}","[[[0, 0, 0, 0, 0, 0], [0, 0, 0, 0, 0, 0], [0, 0, 0, 0, 0, 0], [0, 0, 0, 0, 0, 0], [1, 1, 0, 0, 0, 0], [0, 0, 1, 1, 0, 0]], [[0, 0, 0, 0, 0, 0], [0, 0, 0, 0, 0, 0], [0, 0, 0, 0, 0, 0], [0, 0, 0, 0, 0, 0], [0, 0, 0, 0, 0, 1], [0, 0, 0, 0, 0, 0]], [[0, 0, 0, 0, 0, 0], [0, 0, 0, 0, 0, 0], [0, 0, 0, 0, 0, 0], [0, 0, 0, 0, 0, 0], [0, 0, 0, 0, 0, 0], [0, 0, 0, 0, 0, 0]]]",2,3,,,,TRUE,0.0747709,0.2102327
ECr_,3,5,3,"['ac', 'Ab', 'Bcc', 'cCC', 'C']","{'ac': [4], 'Ab': [1], 'Bcc': [5], 'cCC': [0], 'C': [2, 3]}","[[[0, 0, 0, 0, 0, 0], [0, 0, 0, 0, 0, 0], [0, 0, 0, 0, 0, 0], [0, 0, 0, 0, 0, 0], [0, 1, 0, 0, 0, 0], [0, 0, 0, 0, 0, 0]], [[0, 0, 0, 0, 0, 0], [0, 0, 0, 0, 0, 1], [0, 0, 0, 0, 0, 0], [0, 0, 0, 0, 0, 0], [0, 0, 0, 0, 0, 0], [0, 0, 0, 0, 0, 0]], [[0, 0, 0, 1, 0, 0], [0, 0, 0, 0, 0, 0], [0, 0, 0, 0, 0, 0], [0, 0, 0, 0, 0, 0], [1, 0, 0, 0, 0, 0], [1, 0, 1, 0, 0, 0]]]",3,5,,,,TRUE,5.1945187,135.0697516
ECrg,3,4,3,"['acC', 'AbCC', 'AB', 'c']","{'acC': [0, 4], 'AbCC': [5], 'AB': [1], 'c': [2, 3]}","[[[0, 0, 0, 0, 0, 1], [0, 0, 0, 0, 0, 0], [0, 0, 0, 0, 0, 0], [0, 0, 0, 0, 0, 0], [0, 1, 0, 0, 0, 0], [0, 0, 0, 0, 0, 0]], [[0, 0, 0, 0, 0, 0], [0, 0, 0, 0, 0, 0], [0, 0, 0, 0, 0, 0], [0, 0, 0, 0, 0, 0], [0, 0, 0, 0, 0, 0], [0, 1, 0, 0, 0, 0]], [[0, 0, 0, 0, 1, 0], [0, 0, 0, 0, 0, 0], [0, 0, 0, 0, 0, 1], [1, 0, 0, 0, 0, 0], [0, 0, 0, 0, 0, 1], [0, 0, 0, 0, 0, 0]]]",2,4,"['aBBB', 'AB', 'bbB', 'b']","{'aBBB': [5], 'AB': [1], 'bbB': [0, 4], 'b': [2, 3]}","[[[0, 0, 0, 0, 0, 0], [0, 0, 0, 0, 0, 0], [0, 0, 0, 0, 0, 0], [0, 0, 0, 0, 0, 0], [0, 0, 0, 0, 0, 0], [0, 1, 0, 0, 0, 0]], [[0, 0, 0, 0, 1, 1], [0, 0, 0, 0, 0, 0], [0, 0, 0, 0, 0, 1], [1, 0, 0, 0, 0, 0], [0, 1, 0, 0, 0, 1], [0, 0, 0, 0, 0, 0]]]",FALSE,0.3593765,1.4172737
ECro,3,5,3,"['aBBc', 'A', 'bb', 'Bc', 'BCC']","{'aBBc': [5], 'A': [2], 'bb': [1, 3], 'Bc': [4], 'BCC': [0]}","[[[0, 0, 0, 0, 0, 0], [0, 0, 0, 0, 0, 0], [0, 0, 0, 0, 0, 0], [0, 0, 0, 0, 0, 0], [0, 0, 0, 0, 0, 0], [0, 0, 1, 0, 0, 0]], [[0, 0, 0, 0, 0, 0], [0, 0, 0, 0, 1, 1], [0, 0, 0, 0, 0, 0], [1, 0, 0, 0, 0, 1], [0, 0, 0, 0, 0, 0], [0, 0, 0, 0, 0, 0]], [[0, 0, 0, 0, 0, 0], [0, 0, 0, 0, 0, 0], [0, 0, 0, 0, 0, 0], [0, 0, 0, 0, 0, 0], [1, 0, 0, 0, 0, 0], [1, 0, 0, 0, 0, 0]]]",2,5,"['aaAb', 'ab', 'AA', 'A', 'BBB']","{'aaAb': [5], 'ab': [3, 4], 'AA': [1], 'A': [2], 'BBB': [0]}","[[[0, 0, 0, 0, 0, 0], [0, 0, 0, 0, 0, 0], [0, 0, 0, 0, 0, 0], [0, 0, 0, 0, 0, 1], [0, 1, 0, 0, 0, 0], [0, 1, 1, 0, 0, 0]], [[0, 0, 0, 0, 0, 0], [0, 0, 0, 0, 0, 0], [0, 0, 0, 0, 0, 0], [1, 0, 0, 0, 0, 0], [1, 0, 0, 0, 0, 0], [1, 0, 0, 0, 0, 0]]]",FALSE,0.9428826,4.4882089
ECrw,3,4,2,"['aAb', 'aB', 'AAbBB', 'b']","{'aAb': [0, 4], 'aB': [1, 3], 'AAbBB': [5], 'b': [2]}","[[[0, 0, 0, 0, 0, 1], [0, 0, 0, 0, 1, 0], [0, 0, 0, 0, 0, 0], [0, 0, 0, 0, 0, 1], [1, 0, 0, 0, 0, 0], [0, 0, 0, 0, 0, 0]], [[0, 0, 0, 1, 0, 0], [0, 0, 0, 0, 0, 0], [0, 0, 0, 0, 0, 1], [0, 0, 0, 0, 0, 0], [0, 0, 0, 0, 0, 1], [0, 1, 0, 0, 0, 0]]]",2,4,,,,TRUE,0.0993167,1.1271714
ECuw,3,4,3,"['abcC', 'A', 'BBC', 'ccC']","{'abcC': [4, 5], 'A': [1, 2], 'BBC': [0], 'ccC': [3]}","[[[0, 0, 0, 0, 0, 0], [0, 0, 0, 0, 0, 0], [0, 0, 0, 0, 0, 0], [0, 0, 0, 0, 0, 0], [0, 1, 0, 0, 0, 0], [0, 0, 1, 0, 0, 0]], [[0, 0, 0, 0, 0, 0], [0, 0, 0, 0, 0, 0], [0, 0, 0, 0, 0, 0], [0, 0, 0, 0, 0, 0], [1, 0, 0, 0, 0, 0], [1, 0, 0, 0, 0, 0]], [[0, 0, 0, 0, 0, 0], [0, 0, 0, 0, 0, 0], [0, 0, 0, 0, 0, 0], [1, 0, 0, 0, 0, 1], [0, 0, 0, 1, 0, 0], [0, 0, 0, 0, 1, 0]]]",2,4,"['aaAb', 'aAA', 'aBB', 'A']","{'aaAb': [4, 5], 'aAA': [3], 'aBB': [0], 'A': [1, 2]}","[[[0, 0, 0, 1, 0, 0], [0, 0, 0, 0, 0, 0], [0, 0, 0, 0, 0, 0], [0, 0, 0, 0, 1, 0], [0, 1, 0, 0, 0, 1], [0, 0, 1, 1, 0, 0]], [[0, 0, 0, 0, 0, 0], [0, 0, 0, 0, 0, 0], [0, 0, 0, 0, 0, 0], [0, 0, 0, 0, 0, 0], [1, 0, 0, 0, 0, 0], [1, 0, 0, 0, 0, 0]]]",FALSE,1.4749439,2.4807604
ECvo,3,4,3,"['aabC', 'aAA', 'aB', 'c']","{'aabC': [5], 'aAA': [0, 3, 4], 'aB': [1], 'c': [2]}","[[[0, 0, 0, 0, 1, 0], [0, 0, 0, 0, 1, 0], [0, 0, 0, 0, 0, 0], [1, 0, 0, 0, 0, 0], [0, 0, 0, 1, 0, 0], [1, 0, 0, 1, 0, 0]], [[0, 0, 0, 0, 0, 0], [0, 0, 0, 0, 0, 0], [0, 0, 0, 0, 0, 0], [0, 0, 0, 0, 0, 0], [0, 0, 0, 0, 0, 0], [0, 1, 0, 0, 0, 0]], [[0, 0, 0, 0, 0, 0], [0, 0, 0, 0, 0, 0], [0, 0, 0, 0, 0, 1], [0, 0, 0, 0, 0, 0], [0, 0, 0, 0, 0, 0], [0, 0, 0, 0, 0, 0]]]",2,4,"['aB', 'ABBB', 'bbB', 'b']","{'aB': [1], 'ABBB': [5], 'bbB': [0, 3, 4], 'b': [2]}","[[[0, 0, 0, 0, 0, 0], [0, 0, 0, 0, 0, 1], [0, 0, 0, 0, 0, 0], [0, 0, 0, 0, 0, 0], [0, 0, 0, 0, 0, 0], [0, 0, 0, 0, 0, 0]], [[0, 0, 0, 1, 0, 1], [0, 0, 0, 0, 0, 0], [0, 0, 0, 0, 0, 1], [0, 0, 0, 0, 1, 1], [1, 1, 0, 0, 0, 0], [0, 0, 0, 0, 0, 0]]]",FALSE,0.1011099,1.7707452
ECvw,3,5,2,"['abB', 'ab', 'a', 'AAAbb', 'ABBB']","{'abB': [0, 3], 'ab': [1], 'a': [2], 'AAAbb': [5], 'ABBB': [4]}","[[[0, 0, 0, 0, 1, 0], [0, 0, 0, 0, 0, 1], [0, 0, 0, 0, 0, 1], [0, 0, 0, 0, 0, 1], [0, 0, 0, 0, 0, 0], [0, 0, 0, 0, 0, 0]], [[0, 0, 0, 1, 0, 0], [0, 0, 0, 0, 1, 0], [0, 0, 0, 0, 0, 0], [0, 0, 0, 0, 1, 0], [0, 0, 0, 0, 0, 0], [1, 0, 0, 0, 1, 0]]]",2,5,,,,TRUE,0.2442242,3.2321313
ECxo,3,3,2,"['ab', 'aB', 'AAB']","{'ab': [1, 2, 3], 'aB': [0], 'AAB': [4, 5]}","[[[0, 0, 0, 0, 1, 0], [0, 0, 0, 0, 0, 1], [0, 0, 0, 0, 1, 0], [0, 0, 0, 0, 0, 1], [0, 0, 0, 0, 0, 0], [0, 0, 0, 0, 0, 0]], [[0, 0, 0, 0, 0, 0], [0, 0, 0, 0, 1, 0], [0, 0, 0, 0, 0, 1], [1, 0, 0, 0, 0, 0], [0, 0, 0, 0, 0, 0], [0, 0, 0, 0, 0, 0]], [[0, 0, 0, 0, 0, 0], [0, 0, 0, 0, 0, 0], [0, 0, 0, 0, 0, 0], [0, 0, 0, 0, 0, 0], [0, 0, 0, 0, 0, 0], [0, 0, 0, 0, 0, 0]]]",2,3,,,,TRUE,0.1192997,0.5829804
ECxw,3,4,3,"['aC', 'AAbb', 'AB', 'Bccc']","{'aC': [0, 1, 2], 'AAbb': [5], 'AB': [3], 'Bccc': [4]}","[[[0, 0, 0, 1, 0, 0], [0, 0, 0, 0, 0, 1], [0, 0, 0, 0, 0, 1], [0, 0, 0, 0, 0, 0], [0, 0, 0, 0, 0, 0], [0, 0, 0, 0, 0, 0]], [[0, 0, 0, 0, 0, 0], [0, 0, 0, 0, 0, 0], [0, 0, 0, 0, 0, 0], [0, 0, 0, 0, 0, 0], [0, 0, 0, 0, 0, 0], [0, 0, 0, 1, 1, 0]], [[0, 0, 0, 0, 0, 0], [0, 0, 0, 0, 0, 0], [0, 0, 0, 0, 0, 0], [0, 0, 0, 0, 0, 0], [1, 1, 1, 0, 0, 0], [0, 0, 0, 0, 0, 0]]]",2,4,"['aABB', 'ab', 'AAAb', 'BB']","{'aABB': [5], 'ab': [1, 2, 3], 'AAAb': [4], 'BB': [0]}","[[[0, 0, 0, 0, 0, 0], [0, 0, 0, 0, 1, 0], [0, 0, 0, 0, 1, 0], [0, 0, 0, 0, 0, 1], [0, 0, 0, 0, 0, 0], [0, 0, 0, 0, 1, 0]], [[0, 0, 0, 0, 0, 0], [0, 0, 0, 0, 0, 1], [0, 0, 0, 0, 0, 1], [1, 0, 0, 0, 0, 0], [1, 0, 0, 0, 0, 0], [0, 0, 0, 0, 0, 0]]]",FALSE,3.5963684,1.3039549
ECzW,3,4,3,"['ab', 'AbBC', 'BBc', 'c']","{'ab': [1, 3], 'AbBC': [4, 5], 'BBc': [0], 'c': [2]}","[[[0, 0, 0, 0, 0, 0], [0, 0, 0, 0, 1, 0], [0, 0, 0, 0, 0, 0], [0, 0, 0, 0, 0, 1], [0, 0, 0, 0, 0, 0], [0, 0, 0, 0, 0, 0]], [[0, 0, 0, 0, 0, 0], [0, 0, 0, 0, 0, 1], [0, 0, 0, 0, 0, 0], [1, 0, 0, 0, 0, 0], [1, 0, 0, 0, 0, 0], [0, 0, 0, 0, 1, 0]], [[0, 0, 0, 0, 0, 1], [0, 0, 0, 0, 0, 0], [0, 0, 0, 0, 1, 0], [0, 0, 0, 0, 0, 0], [0, 0, 0, 0, 0, 0], [0, 0, 0, 0, 0, 0]]]",2,5,"['aaAB', 'aB', 'AA', 'A', 'bbb']","{'aaAB': [4, 5], 'aB': [3], 'AA': [1], 'A': [2], 'bbb': [0]}","[[[0, 0, 0, 0, 0, 0], [0, 0, 0, 0, 0, 0], [0, 0, 0, 0, 0, 0], [0, 0, 0, 0, 0, 1], [0, 1, 1, 0, 0, 0], [0, 1, 0, 0, 1, 0]], [[0, 0, 0, 1, 1, 1], [0, 0, 0, 0, 0, 0], [0, 0, 0, 0, 0, 0], [0, 0, 0, 0, 0, 0], [0, 0, 0, 0, 0, 0], [0, 0, 0, 0, 0, 0]]]",FALSE,0.5667811,15.6577596
E?qo,3,4,3,"['aB', 'Ac', 'b', 'BBC']","{'aB': [4], 'Ac': [0], 'b': [1, 2, 3], 'BBC': [5]}","[[[0, 0, 0, 0, 0, 0], [0, 0, 0, 0, 0, 0], [0, 0, 0, 0, 0, 0], [0, 0, 0, 0, 0, 0], [1, 0, 0, 0, 0, 0], [0, 0, 0, 0, 0, 0]], [[0, 0, 0, 0, 0, 0], [0, 0, 0, 0, 1, 0], [0, 0, 0, 0, 0, 1], [0, 0, 0, 0, 0, 1], [0, 0, 0, 0, 0, 0], [0, 0, 0, 0, 0, 0]], [[0, 0, 0, 0, 0, 1], [0, 0, 0, 0, 0, 0], [0, 0, 0, 0, 0, 0], [0, 0, 0, 0, 0, 0], [0, 0, 0, 0, 0, 0], [0, 0, 0, 0, 0, 0]]]",3,4,,,,TRUE,0.9915072,40.4797941
ECzg,3,5,3,"['aaaa', 'a', 'AAB', 'Abcc', 'AC']","{'aaaa': [5], 'a': [3], 'AAB': [0], 'Abcc': [4], 'AC': [1, 2]}","[[[0, 0, 0, 0, 0, 0], [0, 0, 0, 0, 0, 0], [0, 0, 0, 0, 0, 0], [1, 0, 0, 0, 0, 0], [0, 0, 0, 0, 0, 0], [1, 1, 1, 0, 1, 0]], [[0, 0, 0, 0, 0, 0], [0, 0, 0, 0, 0, 0], [0, 0, 0, 0, 0, 0], [0, 0, 0, 0, 0, 0], [1, 0, 0, 0, 0, 0], [0, 0, 0, 0, 0, 0]], [[0, 0, 0, 0, 0, 0], [0, 0, 0, 0, 0, 0], [0, 0, 0, 0, 0, 0], [0, 0, 0, 0, 0, 0], [0, 1, 1, 0, 0, 0], [0, 0, 0, 0, 0, 0]]]",2,5,"['abbb', 'aB', 'AAAb', 'bBB', 'B']","{'abbb': [4], 'aB': [1, 2], 'AAAb': [5], 'bBB': [0], 'B': [3]}","[[[0, 0, 0, 0, 0, 0], [0, 0, 0, 0, 0, 1], [0, 0, 0, 0, 0, 1], [0, 0, 0, 0, 0, 0], [0, 0, 0, 0, 0, 1], [0, 0, 0, 0, 0, 0]], [[0, 0, 0, 1, 0, 0], [0, 0, 0, 0, 0, 0], [0, 0, 0, 0, 0, 0], [0, 0, 0, 0, 0, 0], [1, 1, 1, 0, 0, 0], [1, 0, 0, 0, 0, 0]]]",FALSE,6.2668532,1.0786338
ECzo,3,3,2,"['bBC', 'bc', 'BBBC']","{'bBC': [0, 4], 'bc': [1, 2, 3], 'BBBC': [5]}","[[[0, 0, 0, 0, 0, 0], [0, 0, 0, 0, 0, 0], [0, 0, 0, 0, 0, 0], [0, 0, 0, 0, 0, 0], [0, 0, 0, 0, 0, 0], [0, 0, 0, 0, 0, 0]], [[0, 0, 0, 0, 0, 1], [0, 0, 0, 0, 0, 1], [0, 0, 0, 0, 1, 0], [0, 0, 0, 0, 0, 1], [1, 0, 0, 0, 0, 0], [0, 0, 0, 0, 0, 0]], [[0, 0, 0, 0, 0, 0], [0, 0, 0, 0, 1, 0], [0, 0, 0, 0, 0, 1], [1, 0, 0, 0, 0, 0], [0, 0, 0, 0, 0, 0], [0, 0, 0, 0, 0, 0]]]",2,3,,,,TRUE,0.022287,1.2102844
ECzw,3,4,2,"['aAB', 'abBB', 'ab', 'AAAAB']","{'aAB': [0], 'abBB': [4], 'ab': [1, 2, 3], 'AAAAB': [5]}","[[[0, 0, 0, 0, 0, 1], [0, 0, 0, 0, 0, 1], [0, 0, 0, 0, 0, 1], [0, 0, 0, 0, 0, 1], [1, 0, 0, 0, 0, 0], [0, 0, 0, 0, 0, 0]], [[0, 0, 0, 0, 0, 0], [0, 0, 0, 0, 1, 0], [0, 0, 0, 0, 1, 0], [1, 0, 0, 0, 0, 0], [0, 0, 0, 0, 0, 1], [0, 0, 0, 0, 0, 0]]]",2,4,,,,TRUE,0.2708056,1.1479084
EC~o,3,4,3,"['aAc', 'abcC', 'AAc', 'BC']","{'aAc': [0], 'abcC': [4, 5], 'AAc': [3], 'BC': [1, 2]}","[[[0, 0, 0, 1, 0, 0], [0, 0, 0, 0, 0, 0], [0, 0, 0, 0, 0, 0], [0, 0, 0, 0, 0, 0], [1, 0, 0, 0, 0, 0], [0, 0, 0, 1, 0, 0]], [[0, 0, 0, 0, 0, 0], [0, 0, 0, 0, 0, 0], [0, 0, 0, 0, 0, 0], [0, 0, 0, 0, 0, 0], [0, 0, 1, 0, 0, 0], [0, 1, 0, 0, 0, 0]], [[0, 0, 0, 0, 0, 1], [0, 0, 0, 0, 0, 0], [0, 0, 0, 0, 0, 0], [0, 0, 0, 0, 1, 0], [0, 1, 0, 0, 0, 0], [0, 0, 1, 0, 0, 0]]]",2,5,"['aa', 'abB', 'AAAb', 'AAbb', 'BBB']","{'aa': [1, 2], 'abB': [3], 'AAAb': [4], 'AAbb': [5], 'BBB': [0]}","[[[0, 0, 0, 0, 0, 0], [0, 0, 0, 0, 1, 1], [0, 0, 0, 0, 1, 1], [0, 0, 0, 0, 1, 0], [0, 0, 0, 0, 0, 0], [0, 0, 0, 0, 0, 0]], [[0, 0, 0, 0, 0, 0], [0, 0, 0, 0, 0, 0], [0, 0, 0, 0, 0, 0], [1, 0, 0, 0, 0, 0], [1, 0, 0, 0, 0, 0], [1, 0, 0, 1, 0, 0]]]",FALSE,2.7126454,1.9264921
EC~w,3,4,2,"['aaA', 'aa', 'aAAAB', 'Abb']","{'aaA': [0], 'aa': [1, 2], 'aAAAB': [4, 5], 'Abb': [3]}","[[[0, 0, 0, 1, 0, 1], [0, 0, 0, 0, 1, 1], [0, 0, 0, 0, 1, 1], [0, 0, 0, 0, 0, 0], [1, 0, 0, 0, 0, 0], [0, 0, 0, 0, 1, 0]], [[0, 0, 0, 0, 0, 0], [0, 0, 0, 0, 0, 0], [0, 0, 0, 0, 0, 0], [0, 0, 0, 0, 1, 1], [0, 0, 0, 0, 0, 0], [0, 0, 0, 0, 0, 0]]]",2,4,,,,TRUE,3.5295774,1.3490306
EEhW,3,4,2,"['acC', 'a', 'Ac', 'ACC']","{'acC': [3, 5], 'a': [2], 'Ac': [0, 1], 'ACC': [4]}","[[[0, 0, 0, 0, 0, 0], [0, 0, 0, 0, 0, 0], [0, 0, 0, 0, 1, 0], [1, 0, 0, 0, 0, 0], [0, 0, 0, 0, 0, 0], [0, 1, 0, 0, 0, 0]], [[0, 0, 0, 0, 0, 0], [0, 0, 0, 0, 0, 0], [0, 0, 0, 0, 0, 0], [0, 0, 0, 0, 0, 0], [0, 0, 0, 0, 0, 0], [0, 0, 0, 0, 0, 0]], [[0, 0, 0, 0, 1, 0], [0, 0, 0, 1, 0, 0], [0, 0, 0, 0, 0, 0], [0, 0, 0, 0, 0, 1], [0, 0, 0, 0, 0, 0], [0, 0, 0, 0, 1, 0]]]",2,4,,,,TRUE,0.6019204,1.2283313
EEh_,3,4,3,"['aD', 'AA', 'bd', 'BB']","{'aD': [0, 2], 'AA': [4], 'bd': [3, 5], 'BB': [1]}","[[[0, 0, 0, 0, 1, 0], [0, 0, 0, 0, 0, 0], [0, 0, 0, 0, 1, 0], [0, 0, 0, 0, 0, 0], [0, 0, 0, 0, 0, 0], [0, 0, 0, 0, 0, 0]], [[0, 0, 0, 0, 0, 0], [0, 0, 0, 0, 0, 0], [0, 0, 0, 0, 0, 0], [0, 1, 0, 0, 0, 0], [0, 0, 0, 0, 0, 0], [0, 1, 0, 0, 0, 0]], [[0, 0, 0, 0, 0, 0], [0, 0, 0, 0, 0, 0], [0, 0, 0, 0, 0, 0], [0, 0, 0, 0, 0, 0], [0, 0, 0, 0, 0, 0], [0, 0, 0, 0, 0, 0]], [[0, 0, 0, 0, 0, 0], [0, 0, 0, 0, 0, 0], [0, 0, 0, 0, 0, 0], [1, 0, 0, 0, 0, 0], [0, 0, 0, 0, 0, 0], [0, 0, 1, 0, 0, 0]]]",3,4,,,,TRUE,4.6144135,2.7532073
EEho,3,4,3,"['ab', 'AAc', 'ABC', 'BB']","{'ab': [0, 1, 2], 'AAc': [3], 'ABC': [5], 'BB': [4]}","[[[0, 0, 0, 1, 0, 0], [0, 0, 0, 1, 0, 0], [0, 0, 0, 0, 0, 1], [0, 0, 0, 0, 0, 0], [0, 0, 0, 0, 0, 0], [0, 0, 0, 0, 0, 0]], [[0, 0, 0, 0, 1, 0], [0, 0, 0, 0, 0, 1], [0, 0, 0, 0, 1, 0], [0, 0, 0, 0, 0, 0], [0, 0, 0, 0, 0, 0], [0, 0, 0, 0, 0, 0]], [[0, 0, 0, 0, 0, 0], [0, 0, 0, 0, 0, 0], [0, 0, 0, 0, 0, 0], [0, 0, 0, 0, 0, 1], [0, 0, 0, 0, 0, 0], [0, 0, 0, 0, 0, 0]]]",2,4,"['aaa', 'aAb', 'AB', 'bb']","{'aaa': [3], 'aAb': [5], 'AB': [0, 1, 2], 'bb': [4]}","[[[0, 0, 0, 0, 0, 0], [0, 0, 0, 0, 0, 0], [0, 0, 0, 0, 0, 0], [1, 1, 0, 0, 0, 1], [0, 0, 0, 0, 0, 0], [0, 0, 1, 0, 0, 0]], [[0, 0, 0, 0, 0, 0], [0, 0, 0, 0, 0, 0], [0, 0, 0, 0, 0, 0], [0, 0, 0, 0, 0, 0], [1, 0, 1, 0, 0, 0], [0, 1, 0, 0, 0, 0]]]",FALSE,1.6965476,0.7050543
EEhw,3,3,2,"['bc', 'BcC', 'BCCC']","{'bc': [0, 1, 2], 'BcC': [3, 4], 'BCCC': [5]}","[[[0, 0, 0, 0, 0, 0], [0, 0, 0, 0, 0, 0], [0, 0, 0, 0, 0, 0], [0, 0, 0, 0, 0, 0], [0, 0, 0, 0, 0, 0], [0, 0, 0, 0, 0, 0]], [[0, 0, 0, 0, 1, 0], [0, 0, 0, 1, 0, 0], [0, 0, 0, 0, 0, 1], [0, 0, 0, 0, 0, 0], [0, 0, 0, 0, 0, 0], [0, 0, 0, 0, 0, 0]], [[0, 0, 0, 1, 0, 0], [0, 0, 0, 0, 0, 1], [0, 0, 0, 0, 1, 0], [0, 0, 0, 0, 0, 1], [0, 0, 0, 0, 0, 1], [0, 0, 0, 0, 0, 0]]]",2,3,,,,TRUE,0.022289,1.1225134
EEiW,3,4,2,"['bbB', 'b', 'BBc', 'BBC']","{'bbB': [0, 3], 'b': [1, 2], 'BBc': [4], 'BBC': [5]}","[[[0, 0, 0, 0, 0, 0], [0, 0, 0, 0, 0, 0], [0, 0, 0, 0, 0, 0], [0, 0, 0, 0, 0, 0], [0, 0, 0, 0, 0, 0], [0, 0, 0, 0, 0, 0]], [[0, 0, 0, 0, 1, 1], [0, 0, 0, 1, 0, 0], [0, 0, 0, 0, 1, 0], [1, 0, 0, 0, 0, 1], [0, 0, 0, 0, 0, 0], [0, 0, 0, 0, 0, 0]], [[0, 0, 0, 0, 0, 0], [0, 0, 0, 0, 0, 0], [0, 0, 0, 0, 0, 0], [0, 0, 0, 0, 0, 0], [0, 0, 0, 0, 0, 1], [0, 0, 0, 0, 0, 0]]]",2,4,,,,TRUE,1.7285393,0.6101092
E?qw,3,4,2,"['bBBc', 'b', 'Bc', 'BCC']","{'bBBc': [5], 'b': [1, 2, 3], 'Bc': [0], 'BCC': [4]}","[[[0, 0, 0, 0, 0, 0], [0, 0, 0, 0, 0, 0], [0, 0, 0, 0, 0, 0], [0, 0, 0, 0, 0, 0], [0, 0, 0, 0, 0, 0], [0, 0, 0, 0, 0, 0]], [[0, 0, 0, 0, 0, 0], [0, 0, 0, 0, 1, 0], [0, 0, 0, 0, 0, 1], [0, 0, 0, 0, 0, 1], [0, 0, 0, 0, 0, 0], [1, 0, 0, 0, 0, 0]], [[0, 0, 0, 0, 1, 0], [0, 0, 0, 0, 0, 0], [0, 0, 0, 0, 0, 0], [0, 0, 0, 0, 0, 0], [0, 0, 0, 0, 0, 0], [0, 0, 0, 0, 1, 0]]]",2,4,,,,TRUE,0.2565992,0.5933582
EEio,3,5,3,"['aac', 'aAA', 'ab', 'A', 'BC']","{'aac': [5], 'aAA': [0, 3], 'ab': [4], 'A': [1], 'BC': [2]}","[[[0, 0, 0, 1, 0, 0], [0, 0, 0, 0, 0, 0], [0, 0, 0, 0, 0, 0], [0, 1, 0, 0, 0, 0], [1, 0, 0, 0, 0, 0], [1, 0, 0, 1, 0, 0]], [[0, 0, 0, 0, 0, 0], [0, 0, 0, 0, 0, 0], [0, 0, 0, 0, 0, 0], [0, 0, 0, 0, 0, 0], [0, 0, 1, 0, 0, 0], [0, 0, 0, 0, 0, 0]], [[0, 0, 0, 0, 0, 0], [0, 0, 0, 0, 0, 0], [0, 0, 0, 0, 0, 0], [0, 0, 0, 0, 0, 0], [0, 0, 0, 0, 0, 0], [0, 0, 1, 0, 0, 0]]]",3,5,,,,TRUE,5.3706321,115.2920659
EEjW,3,4,3,"['aAC', 'a', 'ABcc', 'bc']","{'aAC': [0, 3, 4], 'a': [2], 'ABcc': [5], 'bc': [1]}","[[[0, 0, 0, 1, 0, 0], [0, 0, 0, 0, 0, 0], [0, 0, 0, 0, 1, 0], [0, 0, 0, 0, 0, 1], [1, 0, 0, 0, 0, 0], [0, 0, 0, 0, 0, 0]], [[0, 0, 0, 0, 0, 0], [0, 0, 0, 0, 0, 1], [0, 0, 0, 0, 0, 0], [0, 0, 0, 0, 0, 0], [0, 0, 0, 0, 0, 0], [0, 0, 0, 0, 0, 0]], [[0, 0, 0, 0, 0, 0], [0, 0, 0, 1, 0, 0], [0, 0, 0, 0, 0, 0], [0, 0, 0, 0, 0, 0], [0, 0, 0, 0, 0, 0], [1, 0, 0, 0, 1, 0]]]",2,5,"['abB', 'a', 'AbbB', 'Ab', 'ABB']","{'abB': [0, 3], 'a': [2], 'AbbB': [5], 'Ab': [1], 'ABB': [4]}","[[[0, 0, 0, 0, 0, 1], [0, 0, 0, 0, 0, 0], [0, 0, 0, 0, 1, 0], [0, 1, 0, 0, 0, 0], [0, 0, 0, 0, 0, 0], [0, 0, 0, 0, 0, 0]], [[0, 0, 0, 0, 1, 0], [0, 0, 0, 0, 0, 1], [0, 0, 0, 0, 0, 0], [1, 0, 0, 0, 0, 0], [0, 0, 0, 0, 0, 0], [0, 0, 0, 1, 1, 0]]]",FALSE,0.5648855,1.6211653
EEj_,3,4,2,"['bbb', 'BCC', 'BC', 'cc']","{'bbb': [0], 'BCC': [5], 'BC': [3, 4], 'cc': [1, 2]}","[[[0, 0, 0, 0, 0, 0], [0, 0, 0, 0, 0, 0], [0, 0, 0, 0, 0, 0], [0, 0, 0, 0, 0, 0], [0, 0, 0, 0, 0, 0], [0, 0, 0, 0, 0, 0]], [[0, 0, 0, 1, 1, 1], [0, 0, 0, 0, 0, 0], [0, 0, 0, 0, 0, 0], [0, 0, 0, 0, 0, 0], [0, 0, 0, 0, 0, 0], [0, 0, 0, 0, 0, 0]], [[0, 0, 0, 0, 0, 0], [0, 0, 0, 1, 0, 1], [0, 0, 0, 0, 1, 1], [0, 0, 0, 0, 0, 0], [0, 0, 0, 0, 0, 0], [0, 0, 0, 0, 0, 0]]]",2,4,,,,TRUE,1.9189338,0.3901372
EEjo,3,4,3,"['aAC', 'abcC', 'Ab', 'Bc']","{'aAC': [0, 3], 'abcC': [5], 'Ab': [4], 'Bc': [1, 2]}","[[[0, 0, 0, 0, 1, 0], [0, 0, 0, 0, 0, 0], [0, 0, 0, 0, 0, 0], [1, 0, 0, 0, 0, 0], [0, 0, 0, 0, 0, 0], [0, 0, 0, 1, 0, 0]], [[0, 0, 0, 0, 0, 0], [0, 0, 0, 0, 0, 0], [0, 0, 0, 0, 0, 0], [0, 0, 0, 0, 0, 0], [0, 0, 1, 0, 0, 0], [0, 1, 0, 0, 0, 0]], [[0, 0, 0, 0, 0, 0], [0, 0, 0, 1, 0, 0], [0, 0, 0, 0, 0, 1], [0, 0, 0, 0, 0, 0], [0, 0, 0, 0, 0, 0], [1, 0, 0, 0, 0, 0]]]",2,5,"['aabB', 'aa', 'AAB', 'AB', 'bbb']","{'aabB': [5], 'aa': [4], 'AAB': [0], 'AB': [1, 2], 'bbb': [3]}","[[[0, 0, 0, 0, 0, 0], [0, 0, 0, 0, 0, 0], [0, 0, 0, 0, 0, 0], [0, 0, 0, 0, 0, 0], [1, 0, 1, 0, 0, 0], [1, 1, 0, 0, 0, 0]], [[0, 0, 0, 0, 0, 0], [0, 0, 0, 0, 0, 0], [0, 0, 0, 0, 0, 0], [1, 1, 0, 0, 0, 1], [0, 0, 0, 0, 0, 0], [0, 0, 1, 0, 0, 0]]]",FALSE,2.4025794,7.3436749
EEjw,3,3,2,"['aAB', 'ab', 'AAbbB']","{'aAB': [0, 3, 4], 'ab': [1, 2], 'AAbbB': [5]}","[[[0, 0, 0, 0, 1, 0], [0, 0, 0, 1, 0, 0], [0, 0, 0, 0, 0, 1], [1, 0, 0, 0, 0, 0], [0, 0, 0, 0, 0, 1], [0, 0, 0, 0, 0, 0]], [[0, 0, 0, 0, 0, 0], [0, 0, 0, 0, 0, 1], [0, 0, 0, 0, 1, 0], [0, 0, 0, 0, 0, 0], [0, 0, 0, 0, 0, 0], [1, 0, 0, 1, 0, 0]]]",2,3,,,,TRUE,0.0178787,1.4202342
EElw,3,3,2,"['aAcc', 'aC', 'AAAC']","{'aAcc': [3, 4], 'aC': [0, 1, 2], 'AAAC': [5]}","[[[0, 0, 0, 1, 0, 0], [0, 0, 0, 0, 0, 1], [0, 0, 0, 0, 0, 1], [0, 0, 0, 0, 1, 0], [0, 0, 0, 0, 0, 1], [0, 0, 0, 0, 0, 0]], [[0, 0, 0, 0, 0, 0], [0, 0, 0, 0, 0, 0], [0, 0, 0, 0, 0, 0], [0, 0, 0, 0, 0, 0], [0, 0, 0, 0, 0, 0], [0, 0, 0, 0, 0, 0]], [[0, 0, 0, 0, 0, 0], [0, 0, 0, 0, 0, 0], [0, 0, 0, 0, 0, 0], [0, 1, 0, 0, 0, 1], [1, 0, 1, 0, 0, 0], [0, 0, 0, 0, 0, 0]]]",2,3,,,,TRUE,0.1370531,0.5482278
EEno,3,4,3,"['aabc', 'acC', 'AAbC', 'AB']","{'aabc': [5], 'acC': [0, 4], 'AAbC': [3], 'AB': [1, 2]}","[[[0, 0, 0, 1, 0, 0], [0, 0, 0, 0, 0, 0], [0, 0, 0, 0, 0, 0], [0, 0, 0, 0, 0, 0], [0, 0, 1, 0, 0, 0], [0, 1, 0, 1, 0, 0]], [[0, 0, 0, 0, 0, 0], [0, 0, 0, 0, 0, 0], [0, 0, 0, 0, 0, 0], [0, 1, 0, 0, 0, 0], [0, 0, 0, 0, 0, 0], [0, 0, 1, 0, 0, 0]], [[0, 0, 0, 0, 1, 0], [0, 0, 0, 0, 0, 0], [0, 0, 0, 0, 0, 0], [0, 0, 0, 0, 0, 0], [0, 0, 0, 1, 0, 0], [1, 0, 0, 0, 0, 0]]]",2,4,"['aa', 'aAB', 'AAAB', 'Abbb']","{'aa': [1, 2], 'aAB': [0, 4], 'AAAB': [5], 'Abbb': [3]}","[[[0, 0, 0, 0, 0, 1], [0, 0, 0, 1, 0, 1], [0, 0, 0, 0, 1, 1], [0, 0, 0, 0, 0, 0], [1, 0, 0, 0, 0, 0], [0, 0, 0, 0, 0, 0]], [[0, 0, 0, 0, 0, 0], [0, 0, 0, 0, 0, 0], [0, 0, 0, 0, 0, 0], [1, 0, 0, 0, 1, 1], [0, 0, 0, 0, 0, 0], [0, 0, 0, 0, 0, 0]]]",FALSE,1.5143471,1.9453815
EEnw,3,4,2,"['aab', 'aa', 'aAAB', 'AAAAb']","{'aab': [0], 'aa': [1, 2], 'aAAB': [3, 4], 'AAAAb': [5]}","[[[0, 0, 0, 0, 1, 1], [0, 0, 0, 1, 0, 1], [0, 0, 0, 0, 1, 1], [0, 0, 0, 0, 0, 1], [0, 0, 0, 1, 0, 0], [0, 0, 0, 0, 0, 0]], [[0, 0, 0, 1, 0, 0], [0, 0, 0, 0, 0, 0], [0, 0, 0, 0, 0, 0], [0, 0, 0, 0, 0, 0], [0, 0, 0, 0, 0, 0], [0, 0, 0, 0, 1, 0]]]",2,4,,,,TRUE,0.0600384,2.8128557
EEr_,3,4,3,"['aBC', 'a', 'Ab', 'Acc']","{'aBC': [0, 1], 'a': [2], 'Ab': [3, 4], 'Acc': [5]}","[[[0, 0, 0, 0, 1, 0], [0, 0, 0, 1, 0, 0], [0, 0, 0, 0, 0, 1], [0, 0, 0, 0, 0, 0], [0, 0, 0, 0, 0, 0], [0, 0, 0, 0, 0, 0]], [[0, 0, 0, 0, 0, 0], [0, 0, 0, 0, 0, 0], [0, 0, 0, 0, 0, 0], [1, 0, 0, 0, 0, 0], [0, 1, 0, 0, 0, 0], [0, 0, 0, 0, 0, 0]], [[0, 0, 0, 0, 0, 0], [0, 0, 0, 0, 0, 0], [0, 0, 0, 0, 0, 0], [0, 0, 0, 0, 0, 0], [0, 0, 0, 0, 0, 0], [1, 1, 0, 0, 0, 0]]]",2,4,"['aB', 'AAB', 'bbB', 'b']","{'aB': [3, 4], 'AAB': [1], 'bbB': [0, 5], 'b': [2]}","[[[0, 0, 0, 0, 0, 0], [0, 0, 0, 0, 0, 0], [0, 0, 0, 0, 0, 0], [0, 1, 0, 0, 0, 0], [0, 1, 0, 0, 0, 0], [0, 0, 0, 0, 0, 0]], [[0, 0, 0, 1, 1, 0], [0, 0, 0, 0, 0, 0], [0, 0, 0, 0, 0, 1], [0, 0, 0, 0, 0, 0], [0, 0, 0, 0, 0, 0], [1, 1, 0, 0, 0, 0]]]",FALSE,3.5675539,1.3469582
EEro,3,4,3,"['aAB', 'ab', 'Abbc', 'C']","{'aAB': [0, 1, 3], 'ab': [4], 'Abbc': [5], 'C': [2]}","[[[0, 0, 0, 0, 0, 1], [0, 0, 0, 1, 0, 0], [0, 0, 0, 0, 0, 0], [1, 0, 0, 0, 0, 0], [0, 1, 0, 0, 0, 0], [0, 0, 0, 0, 0, 0]], [[0, 0, 0, 0, 0, 0], [0, 0, 0, 0, 0, 0], [0, 0, 0, 0, 0, 0], [0, 0, 0, 0, 0, 0], [1, 0, 0, 0, 0, 0], [0, 1, 0, 1, 0, 0]], [[0, 0, 0, 0, 0, 0], [0, 0, 0, 0, 0, 0], [0, 0, 0, 0, 0, 0], [0, 0, 0, 0, 0, 0], [0, 0, 0, 0, 0, 0], [0, 0, 1, 0, 0, 0]]]",2,4,"['abB', 'a', 'AAAb', 'AB']","{'abB': [0, 1, 3], 'a': [2], 'AAAb': [5], 'AB': [4]}","[[[0, 0, 0, 0, 1, 0], [0, 0, 0, 0, 0, 1], [0, 0, 0, 0, 0, 1], [0, 0, 0, 0, 0, 1], [0, 0, 0, 0, 0, 0], [0, 0, 0, 0, 0, 0]], [[0, 0, 0, 1, 0, 0], [0, 0, 0, 0, 1, 0], [0, 0, 0, 0, 0, 0], [0, 1, 0, 0, 0, 0], [0, 0, 0, 0, 0, 0], [1, 0, 0, 0, 0, 0]]]",FALSE,0.148245,1.3268671
E?ro,3,4,3,"['a', 'AAbb', 'Bc', 'CC']","{'a': [2, 3], 'AAbb': [5], 'Bc': [0, 1], 'CC': [4]}","[[[0, 0, 0, 0, 0, 0], [0, 0, 0, 0, 0, 0], [0, 0, 0, 0, 0, 1], [0, 0, 0, 0, 0, 1], [0, 0, 0, 0, 0, 0], [0, 0, 0, 0, 0, 0]], [[0, 0, 0, 0, 0, 0], [0, 0, 0, 0, 0, 0], [0, 0, 0, 0, 0, 0], [0, 0, 0, 0, 0, 0], [0, 0, 0, 0, 0, 0], [1, 1, 0, 0, 0, 0]], [[0, 0, 0, 0, 1, 0], [0, 0, 0, 0, 1, 0], [0, 0, 0, 0, 0, 0], [0, 0, 0, 0, 0, 0], [0, 0, 0, 0, 0, 0], [0, 0, 0, 0, 0, 0]]]",3,4,,,,TRUE,1.9521191,53.3122583
EErw,3,3,1,"['aaA', 'a', 'AAAAA']","{'aaA': [0, 1, 3, 4], 'a': [2], 'AAAAA': [5]}","[[[0, 0, 0, 1, 0, 1], [0, 0, 0, 0, 1, 1], [0, 0, 0, 0, 0, 1], [0, 1, 0, 0, 0, 1], [1, 0, 0, 0, 0, 1], [0, 0, 0, 0, 0, 0]], [[0, 0, 0, 0, 0, 0], [0, 0, 0, 0, 0, 0], [0, 0, 0, 0, 0, 0], [0, 0, 0, 0, 0, 0], [0, 0, 0, 0, 0, 0], [0, 0, 0, 0, 0, 0]]]",1,3,,,,TRUE,0.0179955,4.86E-05
EEuw,3,4,2,"['aaa', 'aAAB', 'bb', 'b']","{'aaa': [0], 'aAAB': [3, 4, 5], 'bb': [1], 'b': [2]}","[[[0, 0, 0, 1, 1, 1], [0, 0, 0, 0, 0, 0], [0, 0, 0, 0, 0, 0], [0, 0, 0, 0, 0, 1], [0, 0, 0, 1, 0, 0], [0, 0, 0, 0, 1, 0]], [[0, 0, 0, 0, 0, 0], [0, 0, 0, 1, 1, 0], [0, 0, 0, 0, 0, 1], [0, 0, 0, 0, 0, 0], [0, 0, 0, 0, 0, 0], [0, 0, 0, 0, 0, 0]], [[0, 0, 0, 0, 0, 0], [0, 0, 0, 0, 0, 0], [0, 0, 0, 0, 0, 0], [0, 0, 0, 0, 0, 0], [0, 0, 0, 0, 0, 0], [0, 0, 0, 0, 0, 0]]]",2,4,,,,TRUE,0.2206307,0.7170216
EEvo,3,4,2,"['bBBC', 'bcC', 'b', 'Bcc']","{'bBBC': [3, 5], 'bcC': [0, 1], 'b': [2], 'Bcc': [4]}","[[[0, 0, 0, 0, 0, 0], [0, 0, 0, 0, 0, 0], [0, 0, 0, 0, 0, 0], [0, 0, 0, 0, 0, 0], [0, 0, 0, 0, 0, 0], [0, 0, 0, 0, 0, 0]], [[0, 0, 0, 1, 0, 0], [0, 0, 0, 0, 0, 1], [0, 0, 0, 0, 0, 1], [0, 0, 0, 0, 1, 0], [0, 0, 0, 0, 0, 0], [0, 0, 0, 1, 0, 0]], [[0, 0, 0, 0, 0, 1], [0, 0, 0, 1, 0, 0], [0, 0, 0, 0, 0, 0], [0, 0, 0, 0, 0, 0], [1, 1, 0, 0, 0, 0], [0, 0, 0, 0, 0, 0]]]",2,4,,,,TRUE,4.2135285,1.9147001
EEvw,3,4,2,"['aABB', 'abb', 'AAbbB', 'B']","{'aABB': [3, 4], 'abb': [0, 1], 'AAbbB': [5], 'B': [2]}","[[[0, 0, 0, 1, 0, 0], [0, 0, 0, 0, 0, 1], [0, 0, 0, 0, 0, 0], [0, 0, 0, 0, 1, 0], [0, 0, 0, 0, 0, 1], [0, 0, 0, 0, 0, 0]], [[0, 0, 0, 0, 1, 1], [0, 0, 0, 1, 1, 0], [0, 0, 0, 0, 0, 0], [0, 0, 0, 0, 0, 0], [0, 0, 0, 0, 0, 0], [0, 0, 1, 1, 0, 0]]]",2,4,,,,TRUE,0.301228,2.5318402
EEzO,3,4,2,"['aac', 'aaC', 'AAA', 'C']","{'aac': [3, 4], 'aaC': [5], 'AAA': [0, 1], 'C': [2]}","[[[0, 0, 0, 0, 0, 0], [0, 0, 0, 0, 0, 0], [0, 0, 0, 0, 0, 0], [1, 1, 0, 0, 0, 0], [1, 1, 0, 0, 0, 0], [1, 1, 0, 0, 0, 0]], [[0, 0, 0, 0, 0, 0], [0, 0, 0, 0, 0, 0], [0, 0, 0, 0, 0, 0], [0, 0, 0, 0, 0, 0], [0, 0, 0, 0, 0, 0], [0, 0, 0, 0, 0, 0]], [[0, 0, 0, 0, 0, 0], [0, 0, 0, 0, 0, 0], [0, 0, 0, 0, 0, 0], [0, 0, 0, 0, 0, 1], [0, 0, 1, 0, 0, 0], [0, 0, 0, 0, 0, 0]]]",2,4,,,,TRUE,6.782007,0.3262735
EEz_,3,3,2,"['bcC', 'Bcc', 'BC']","{'bcC': [0, 4, 5], 'Bcc': [1], 'BC': [2, 3]}","[[[0, 0, 0, 0, 0, 0], [0, 0, 0, 0, 0, 0], [0, 0, 0, 0, 0, 0], [0, 0, 0, 0, 0, 0], [0, 0, 0, 0, 0, 0], [0, 0, 0, 0, 0, 0]], [[0, 0, 0, 1, 0, 0], [0, 0, 0, 0, 0, 0], [0, 0, 0, 0, 0, 0], [0, 0, 0, 0, 0, 0], [0, 1, 0, 0, 0, 0], [0, 0, 1, 0, 0, 0]], [[0, 0, 0, 0, 1, 0], [0, 0, 0, 1, 0, 1], [0, 0, 0, 0, 0, 0], [0, 0, 0, 0, 0, 0], [0, 0, 1, 0, 0, 0], [1, 0, 0, 0, 0, 0]]]",2,3,,,,TRUE,0.4377049,0.6962705
EEzg,3,4,3,"['abb', 'aB', 'AbBC', 'Acc']","{'abb': [1], 'aB': [2, 3], 'AbBC': [4, 5], 'Acc': [0]}","[[[0, 0, 0, 0, 0, 0], [0, 0, 0, 0, 1, 0], [0, 0, 0, 0, 0, 1], [1, 0, 0, 0, 0, 0], [0, 0, 0, 0, 0, 0], [0, 0, 0, 0, 0, 0]], [[0, 0, 0, 0, 0, 0], [0, 0, 0, 1, 0, 1], [0, 0, 0, 0, 0, 0], [0, 0, 0, 0, 0, 0], [0, 0, 1, 0, 0, 0], [0, 0, 0, 0, 1, 0]], [[0, 0, 0, 0, 1, 1], [0, 0, 0, 0, 0, 0], [0, 0, 0, 0, 0, 0], [0, 0, 0, 0, 0, 0], [0, 0, 0, 0, 0, 0], [0, 0, 0, 0, 0, 0]]]",2,5,"['aaaB', 'aAb', 'Ab', 'ABBB', 'bbB']","{'aaaB': [4], 'aAb': [0], 'Ab': [2, 3], 'ABBB': [5], 'bbB': [1]}","[[[0, 0, 0, 1, 0, 0], [0, 0, 0, 0, 0, 0], [0, 0, 0, 0, 0, 0], [0, 0, 0, 0, 0, 0], [1, 0, 1, 0, 0, 1], [0, 0, 0, 0, 0, 0]], [[0, 0, 0, 0, 0, 1], [0, 0, 0, 0, 1, 1], [0, 0, 0, 0, 0, 1], [0, 1, 0, 0, 0, 0], [0, 0, 0, 0, 0, 0], [0, 0, 0, 0, 0, 0]]]",FALSE,1.632152,1.9680524
EEzo,3,3,3,"['aCCC', 'AC', 'bBc']","{'aCCC': [5], 'AC': [2], 'bBc': [0, 1, 3, 4]}","[[[0, 0, 0, 0, 0, 0], [0, 0, 0, 0, 0, 0], [0, 0, 0, 0, 0, 0], [0, 0, 0, 0, 0, 0], [0, 0, 0, 0, 0, 0], [0, 0, 1, 0, 0, 0]], [[0, 0, 0, 1, 0, 0], [0, 0, 0, 0, 1, 0], [0, 0, 0, 0, 0, 0], [0, 1, 0, 0, 0, 0], [1, 0, 0, 0, 0, 0], [0, 0, 0, 0, 0, 0]], [[0, 0, 0, 0, 0, 1], [0, 0, 0, 0, 0, 1], [0, 0, 0, 0, 0, 0], [0, 0, 0, 0, 0, 1], [0, 0, 1, 0, 0, 0], [0, 0, 0, 0, 0, 0]]]",2,4,"['aAAb', 'abB', 'Ab', 'ABB']","{'aAAb': [5], 'abB': [0, 1, 3], 'Ab': [2], 'ABB': [4]}","[[[0, 0, 0, 0, 1, 0], [0, 0, 0, 0, 0, 1], [0, 0, 0, 0, 0, 0], [0, 0, 0, 0, 0, 1], [0, 0, 0, 0, 0, 0], [0, 0, 1, 0, 0, 0]], [[0, 0, 0, 1, 0, 0], [0, 0, 0, 0, 1, 0], [0, 0, 0, 0, 1, 0], [0, 1, 0, 0, 0, 0], [0, 0, 0, 0, 0, 0], [1, 0, 0, 0, 0, 0]]]",FALSE,0.0543173,2.4600015
EEzw,3,4,2,"['ab', 'Abbb', 'bbBBB', 'bBB']","{'ab': [2], 'Abbb': [4], 'bbBBB': [5], 'bBB': [0, 1, 3]}","[[[0, 0, 0, 0, 0, 0], [0, 0, 0, 0, 0, 0], [0, 0, 0, 0, 1, 0], [0, 0, 0, 0, 0, 0], [0, 0, 0, 0, 0, 0], [0, 0, 0, 0, 0, 0]], [[0, 0, 0, 1, 0, 0], [0, 0, 0, 0, 0, 1], [0, 0, 0, 0, 0, 1], [0, 1, 0, 0, 0, 0], [1, 1, 0, 0, 0, 1], [1, 0, 0, 1, 0, 0]]]",2,4,,,,TRUE,0.0803541,1.3784045
EE~w,3,4,2,"['aAbbB', 'ab', 'aBB', 'AAAb']","{'aAbbB': [4, 5], 'ab': [2], 'aBB': [0, 1], 'AAAb': [3]}","[[[0, 0, 0, 0, 0, 1], [0, 0, 0, 1, 0, 0], [0, 0, 0, 0, 1, 0], [0, 0, 0, 0, 0, 0], [0, 0, 0, 1, 0, 0], [0, 0, 0, 1, 0, 0]], [[0, 0, 0, 0, 0, 0], [0, 0, 0, 0, 0, 0], [0, 0, 0, 0, 0, 1], [1, 0, 0, 0, 0, 0], [1, 1, 0, 0, 0, 0], [0, 1, 0, 0, 1, 0]]]",2,4,,,,TRUE,0.3945359,4.0197476
E?rw,3,4,2,"['aB', 'AAB', 'bbbbb', 'B']","{'aB': [0, 1], 'AAB': [4], 'bbbbb': [5], 'B': [2, 3]}","[[[0, 0, 0, 0, 1, 0], [0, 0, 0, 0, 1, 0], [0, 0, 0, 0, 0, 0], [0, 0, 0, 0, 0, 0], [0, 0, 0, 0, 0, 0], [0, 0, 0, 0, 0, 0]], [[0, 0, 0, 0, 0, 0], [0, 0, 0, 0, 0, 0], [0, 0, 0, 0, 0, 0], [0, 0, 0, 0, 0, 0], [0, 0, 0, 0, 0, 0], [1, 1, 1, 1, 1, 0]]]",2,4,,,,TRUE,0.0796508,1.0053918
EFzW,3,3,2,"['aac', 'aAAC', 'Ac']","{'aac': [0, 1], 'aAAC': [3, 4, 5], 'Ac': [2]}","[[[0, 0, 0, 1, 1, 0], [0, 0, 0, 1, 0, 1], [0, 0, 0, 0, 0, 0], [0, 0, 0, 0, 0, 1], [0, 0, 1, 0, 0, 0], [0, 0, 0, 0, 1, 0]], [[0, 0, 0, 0, 0, 0], [0, 0, 0, 0, 0, 0], [0, 0, 0, 0, 0, 0], [0, 0, 0, 0, 0, 0], [0, 0, 0, 0, 0, 0], [0, 0, 0, 0, 0, 0]], [[0, 0, 0, 0, 0, 1], [0, 0, 0, 0, 1, 0], [0, 0, 0, 1, 0, 0], [0, 0, 0, 0, 0, 0], [0, 0, 0, 0, 0, 0], [0, 0, 0, 0, 0, 0]]]",2,3,,,,TRUE,0.0708843,1.1394399
EFz_,3,3,3,"['aAC', 'bcc', 'Bcc']","{'aAC': [0, 2, 3, 5], 'bcc': [4], 'Bcc': [1]}","[[[0, 0, 0, 1, 0, 0], [0, 0, 0, 0, 0, 0], [0, 0, 0, 0, 0, 1], [0, 0, 1, 0, 0, 0], [0, 0, 0, 0, 0, 0], [1, 0, 0, 0, 0, 0]], [[0, 0, 0, 0, 0, 0], [0, 0, 0, 0, 0, 0], [0, 0, 0, 0, 0, 0], [0, 0, 0, 0, 0, 0], [0, 1, 0, 0, 0, 0], [0, 0, 0, 0, 0, 0]], [[0, 0, 0, 0, 0, 0], [0, 0, 0, 1, 0, 1], [0, 0, 0, 0, 0, 0], [0, 0, 0, 0, 0, 0], [1, 0, 1, 0, 0, 0], [0, 0, 0, 0, 0, 0]]]",2,3,"['aAB', 'abb', 'Abb']","{'aAB': [0, 2, 3, 5], 'abb': [1], 'Abb': [4]}","[[[0, 0, 0, 0, 0, 1], [0, 0, 0, 0, 1, 0], [0, 0, 0, 1, 0, 0], [1, 0, 0, 0, 0, 0], [0, 0, 0, 0, 0, 0], [0, 0, 1, 0, 0, 0]], [[0, 0, 0, 0, 0, 0], [0, 0, 0, 1, 0, 1], [0, 0, 0, 0, 0, 0], [0, 0, 0, 0, 0, 0], [1, 0, 1, 0, 0, 0], [0, 0, 0, 0, 0, 0]]]",FALSE,0.3789691,0.4761891
EFzo,3,3,2,"['abB', 'Abb', 'AbBB']","{'abB': [0, 2, 4], 'Abb': [1], 'AbBB': [3, 5]}","[[[0, 0, 0, 1, 0, 0], [0, 0, 0, 0, 0, 0], [0, 0, 0, 0, 0, 1], [0, 0, 0, 0, 0, 0], [0, 1, 0, 0, 0, 0], [0, 0, 0, 0, 0, 0]], [[0, 0, 0, 0, 0, 1], [0, 0, 0, 1, 0, 1], [0, 0, 0, 0, 1, 0], [0, 0, 1, 0, 0, 0], [1, 0, 0, 0, 0, 0], [0, 0, 0, 1, 0, 0]], [[0, 0, 0, 0, 0, 0], [0, 0, 0, 0, 0, 0], [0, 0, 0, 0, 0, 0], [0, 0, 0, 0, 0, 0], [0, 0, 0, 0, 0, 0], [0, 0, 0, 0, 0, 0]]]",2,3,,,,TRUE,0.2978647,1.6681357
EFzw,3,3,2,"['aaaaa', 'Abbb', 'ABB']","{'aaaaa': [5], 'Abbb': [3, 4], 'ABB': [0, 1, 2]}","[[[0, 0, 0, 0, 0, 0], [0, 0, 0, 0, 0, 0], [0, 0, 0, 0, 0, 0], [0, 0, 0, 0, 0, 0], [0, 0, 0, 0, 0, 0], [1, 1, 1, 1, 1, 0]], [[0, 0, 0, 0, 0, 0], [0, 0, 0, 0, 0, 0], [0, 0, 0, 0, 0, 0], [1, 1, 1, 0, 0, 0], [1, 1, 1, 0, 0, 0], [0, 0, 0, 0, 0, 0]]]",2,3,,,,TRUE,0.0767104,3.4658
EF~w,3,3,2,"['aAAbb', 'abB', 'ABBBB']","{'aAAbb': [3, 5], 'abB': [0, 1, 2], 'ABBBB': [4]}","[[[0, 0, 0, 1, 0, 0], [0, 0, 0, 1, 0, 0], [0, 0, 0, 0, 0, 1], [0, 0, 0, 0, 0, 1], [0, 0, 0, 0, 0, 0], [0, 0, 0, 0, 1, 0]], [[0, 0, 0, 0, 1, 0], [0, 0, 0, 0, 1, 0], [0, 0, 0, 0, 1, 0], [0, 0, 1, 0, 1, 0], [0, 0, 0, 0, 0, 0], [1, 1, 0, 0, 0, 0]]]",1,3,"['aaaaa', 'aaAAA', 'aAA']","{'aaaaa': [3], 'aaAAA': [4, 5], 'aAA': [0, 1, 2]}","[[[0, 0, 0, 0, 0, 1], [0, 0, 0, 0, 0, 1], [0, 0, 0, 0, 1, 0], [1, 1, 1, 0, 1, 1], [1, 1, 0, 0, 0, 0], [0, 0, 1, 0, 1, 0]]]",FALSE,0.0737306,0.0419085
EQjO,3,4,3,"['aC', 'AbB', 'ABB', 'bc']","{'aC': [3, 4], 'AbB': [0], 'ABB': [5], 'bc': [1, 2]}","[[[0, 0, 0, 0, 0, 0], [0, 0, 0, 0, 0, 0], [0, 0, 0, 0, 0, 0], [0, 0, 0, 0, 0, 1], [1, 0, 0, 0, 0, 0], [0, 0, 0, 0, 0, 0]], [[0, 0, 0, 0, 0, 1], [0, 0, 0, 0, 0, 1], [1, 0, 0, 0, 0, 0], [0, 0, 0, 0, 0, 0], [0, 0, 0, 0, 0, 0], [0, 0, 0, 0, 0, 0]], [[0, 0, 0, 0, 0, 0], [0, 0, 0, 1, 0, 0], [0, 0, 0, 0, 1, 0], [0, 0, 0, 0, 0, 0], [0, 0, 0, 0, 0, 0], [0, 0, 0, 0, 0, 0]]]",2,4,"['abb', 'aB', 'Abb', 'AB']","{'abb': [0], 'aB': [1, 2], 'Abb': [5], 'AB': [3, 4]}","[[[0, 0, 0, 0, 0, 1], [0, 0, 0, 1, 0, 0], [0, 0, 0, 0, 1, 0], [0, 0, 0, 0, 0, 0], [0, 0, 0, 0, 0, 0], [0, 0, 0, 0, 0, 0]], [[0, 0, 1, 0, 1, 0], [0, 0, 0, 0, 0, 0], [0, 0, 0, 0, 0, 0], [0, 0, 0, 0, 0, 0], [0, 0, 0, 0, 0, 0], [0, 1, 0, 1, 0, 0]]]",FALSE,0.94295,0.8225874
EQj_,3,4,2,"['bBC', 'bc', 'BBc', 'C']","{'bBC': [0, 2], 'bc': [1, 4], 'BBc': [5], 'C': [3]}","[[[0, 0, 0, 0, 0, 0], [0, 0, 0, 0, 0, 0], [0, 0, 0, 0, 0, 0], [0, 0, 0, 0, 0, 0], [0, 0, 0, 0, 0, 0], [0, 0, 0, 0, 0, 0]], [[0, 0, 0, 0, 0, 1], [0, 0, 0, 0, 0, 1], [1, 0, 0, 0, 0, 0], [0, 0, 0, 0, 0, 0], [0, 0, 1, 0, 0, 0], [0, 0, 0, 0, 0, 0]], [[0, 0, 0, 0, 0, 0], [0, 0, 0, 1, 0, 0], [0, 0, 0, 0, 0, 0], [0, 0, 0, 0, 0, 0], [1, 0, 0, 0, 0, 0], [0, 0, 1, 0, 0, 0]]]",2,4,,,,TRUE,1.6075476,1.1535666
EQjg,3,4,3,"['aAb', 'b', 'BBBc', 'BC']","{'aAb': [0, 2, 4], 'b': [3], 'BBBc': [5], 'BC': [1]}","[[[0, 0, 0, 0, 1, 0], [0, 0, 0, 0, 0, 0], [1, 0, 0, 0, 0, 0], [0, 0, 0, 0, 0, 0], [0, 0, 1, 0, 0, 0], [0, 0, 0, 0, 0, 0]], [[0, 0, 0, 0, 0, 1], [0, 0, 0, 0, 0, 0], [0, 0, 0, 0, 0, 1], [0, 1, 0, 0, 0, 0], [0, 0, 0, 0, 0, 1], [0, 0, 0, 0, 0, 0]], [[0, 0, 0, 0, 0, 0], [0, 0, 0, 0, 0, 0], [0, 0, 0, 0, 0, 0], [0, 0, 0, 0, 0, 0], [0, 0, 0, 0, 0, 0], [0, 1, 0, 0, 0, 0]]]",2,4,"['aAB', 'abbb', 'Ab', 'B']","{'aAB': [0, 2, 4], 'abbb': [5], 'Ab': [1], 'B': [3]}","[[[0, 0, 1, 0, 0, 0], [0, 0, 0, 0, 0, 0], [0, 0, 0, 0, 1, 0], [0, 0, 0, 0, 0, 0], [1, 0, 0, 0, 0, 0], [0, 1, 0, 0, 0, 0]], [[0, 0, 0, 0, 0, 0], [0, 0, 0, 1, 0, 0], [0, 0, 0, 0, 0, 0], [0, 0, 0, 0, 0, 0], [0, 0, 0, 0, 0, 0], [1, 0, 1, 0, 1, 0]]]",FALSE,0.2582142,1.2317159
EQjo,3,4,3,"['aAbc', 'acC', 'AC', 'Bc']","{'aAbc': [5], 'acC': [0, 2], 'AC': [3, 4], 'Bc': [1]}","[[[0, 0, 0, 0, 1, 0], [0, 0, 0, 0, 0, 0], [0, 0, 0, 0, 0, 1], [0, 0, 0, 0, 0, 0], [0, 0, 0, 0, 0, 0], [0, 0, 0, 1, 0, 0]], [[0, 0, 0, 0, 0, 0], [0, 0, 0, 0, 0, 0], [0, 0, 0, 0, 0, 0], [0, 0, 0, 0, 0, 0], [0, 0, 0, 0, 0, 0], [0, 1, 0, 0, 0, 0]], [[0, 0, 1, 0, 0, 0], [0, 0, 0, 1, 0, 0], [0, 0, 0, 0, 1, 0], [0, 0, 0, 0, 0, 0], [0, 0, 0, 0, 0, 0], [1, 0, 0, 0, 0, 0]]]",2,5,"['aab', 'aAAb', 'aBB', 'Ab', 'BB']","{'aab': [0], 'aAAb': [5], 'aBB': [2], 'Ab': [1, 4], 'BB': [3]}","[[[0, 0, 0, 0, 1, 1], [0, 0, 0, 0, 0, 0], [0, 0, 0, 0, 0, 1], [0, 0, 0, 0, 0, 0], [0, 0, 0, 0, 0, 0], [0, 1, 0, 0, 0, 0]], [[0, 0, 1, 0, 0, 0], [0, 0, 0, 1, 0, 0], [0, 0, 0, 0, 0, 0], [0, 0, 0, 0, 0, 0], [0, 0, 1, 0, 0, 0], [0, 0, 0, 1, 0, 0]]]",FALSE,0.4364782,7.5549909
EQjw,3,4,2,"['abB', 'ab', 'aB', 'AAAAA']","{'abB': [0, 2, 4], 'ab': [3], 'aB': [1], 'AAAAA': [5]}","[[[0, 0, 0, 0, 0, 1], [0, 0, 0, 0, 0, 1], [0, 0, 0, 0, 0, 1], [0, 0, 0, 0, 0, 1], [0, 0, 0, 0, 0, 1], [0, 0, 0, 0, 0, 0]], [[0, 0, 1, 0, 0, 0], [0, 0, 0, 0, 0, 0], [0, 0, 0, 0, 1, 0], [0, 1, 0, 0, 0, 0], [1, 0, 0, 0, 0, 0], [0, 0, 0, 0, 0, 0]]]",2,4,,,,TRUE,0.2768564,0.8519547
E?zO,3,4,2,"['aaC', 'AC', 'ccC', 'c']","{'aaC': [5], 'AC': [0, 1], 'ccC': [4], 'c': [2, 3]}","[[[0, 0, 0, 0, 0, 0], [0, 0, 0, 0, 0, 0], [0, 0, 0, 0, 0, 0], [0, 0, 0, 0, 0, 0], [0, 0, 0, 0, 0, 0], [1, 1, 0, 0, 0, 0]], [[0, 0, 0, 0, 0, 0], [0, 0, 0, 0, 0, 0], [0, 0, 0, 0, 0, 0], [0, 0, 0, 0, 0, 0], [0, 0, 0, 0, 0, 0], [0, 0, 0, 0, 0, 0]], [[0, 0, 0, 0, 0, 0], [0, 0, 0, 0, 0, 0], [0, 0, 0, 0, 1, 0], [0, 0, 0, 0, 0, 1], [1, 1, 0, 0, 0, 0], [0, 0, 0, 0, 0, 0]]]",2,4,,,,TRUE,0.9759019,0.6233287
EQyw,3,4,3,"['aABC', 'aAc', 'ab', 'Ab']","{'aABC': [4, 5], 'aAc': [0, 2], 'ab': [1], 'Ab': [3]}","[[[0, 0, 1, 0, 0, 0], [0, 0, 0, 1, 0, 0], [0, 0, 0, 0, 1, 0], [0, 0, 0, 0, 0, 0], [0, 0, 0, 0, 0, 1], [1, 0, 0, 0, 0, 0]], [[0, 0, 0, 0, 0, 0], [0, 0, 0, 0, 1, 0], [0, 0, 0, 0, 0, 0], [0, 0, 0, 0, 0, 1], [0, 0, 0, 0, 0, 0], [0, 0, 0, 0, 0, 0]], [[0, 0, 0, 0, 1, 0], [0, 0, 0, 0, 0, 0], [0, 0, 0, 0, 0, 1], [0, 0, 0, 0, 0, 0], [0, 0, 0, 0, 0, 0], [0, 0, 0, 0, 0, 0]]]",2,5,"['aaB', 'aAAB', 'abb', 'AB', 'bb']","{'aaB': [2], 'aAAB': [4, 5], 'abb': [0], 'AB': [3], 'bb': [1]}","[[[0, 0, 0, 0, 1, 0], [0, 0, 0, 0, 0, 0], [0, 0, 0, 0, 1, 1], [0, 0, 0, 0, 0, 0], [0, 0, 0, 0, 0, 1], [0, 0, 0, 1, 0, 0]], [[0, 0, 1, 0, 0, 1], [0, 0, 0, 1, 1, 0], [0, 0, 0, 0, 0, 0], [0, 0, 0, 0, 0, 0], [0, 0, 0, 0, 0, 0], [0, 0, 0, 0, 0, 0]]]",FALSE,0.6276775,3.9345704
EQzO,3,3,2,"['abB', 'Abb', 'AB']","{'abB': [0, 1, 4], 'Abb': [5], 'AB': [2, 3]}","[[[0, 0, 0, 0, 0, 1], [0, 0, 0, 1, 0, 0], [0, 0, 0, 0, 0, 0], [0, 0, 0, 0, 0, 0], [0, 0, 1, 0, 0, 0], [0, 0, 0, 0, 0, 0]], [[0, 0, 1, 0, 0, 0], [0, 0, 0, 0, 1, 0], [0, 0, 0, 0, 0, 0], [0, 0, 0, 0, 0, 0], [1, 0, 0, 0, 0, 0], [0, 1, 0, 1, 0, 0]], [[0, 0, 0, 0, 0, 0], [0, 0, 0, 0, 0, 0], [0, 0, 0, 0, 0, 0], [0, 0, 0, 0, 0, 0], [0, 0, 0, 0, 0, 0], [0, 0, 0, 0, 0, 0]]]",2,3,,,,TRUE,0.5880015,1.0017388
EQzW,3,4,3,"['abBC', 'AAB', 'bc', 'BcC']","{'abBC': [4, 5], 'AAB': [1], 'bc': [2, 3], 'BcC': [0]}","[[[0, 0, 0, 0, 0, 0], [0, 0, 0, 0, 0, 0], [0, 0, 0, 0, 0, 0], [0, 0, 0, 0, 0, 0], [0, 1, 0, 0, 0, 0], [0, 1, 0, 0, 0, 0]], [[0, 0, 0, 0, 0, 0], [0, 0, 0, 0, 0, 0], [0, 0, 0, 0, 1, 0], [0, 1, 0, 0, 0, 0], [0, 0, 0, 0, 0, 1], [1, 0, 0, 0, 0, 0]], [[0, 0, 0, 0, 1, 0], [0, 0, 0, 0, 0, 0], [1, 0, 0, 0, 0, 0], [0, 0, 0, 0, 0, 1], [0, 0, 0, 0, 0, 0], [0, 0, 0, 0, 0, 0]]]",2,5,"['abbB', 'ab', 'aBB', 'AAAb', 'Ab']","{'abbB': [4], 'ab': [3], 'aBB': [0, 1], 'AAAb': [5], 'Ab': [2]}","[[[0, 0, 0, 0, 0, 1], [0, 0, 0, 0, 0, 1], [0, 0, 0, 0, 0, 0], [0, 0, 0, 0, 0, 1], [0, 0, 1, 0, 0, 0], [0, 0, 0, 0, 0, 0]], [[0, 0, 0, 0, 0, 0], [0, 0, 0, 0, 0, 0], [1, 0, 0, 0, 0, 0], [0, 1, 0, 0, 0, 0], [1, 1, 0, 0, 0, 0], [0, 0, 0, 0, 1, 0]]]",FALSE,2.7571887,1.6809783
EQzg,3,4,3,"['acC', 'ABcC', 'bbc', 'C']","{'acC': [0, 2], 'ABcC': [4, 5], 'bbc': [1], 'C': [3]}","[[[0, 0, 0, 0, 0, 1], [0, 0, 0, 0, 0, 0], [0, 0, 0, 0, 1, 0], [0, 0, 0, 0, 0, 0], [0, 0, 0, 0, 0, 0], [0, 0, 0, 0, 0, 0]], [[0, 0, 0, 0, 0, 0], [0, 0, 0, 0, 1, 1], [0, 0, 0, 0, 0, 0], [0, 0, 0, 0, 0, 0], [0, 0, 0, 0, 0, 0], [0, 0, 0, 0, 0, 0]], [[0, 0, 1, 0, 0, 0], [0, 0, 0, 1, 0, 0], [0, 0, 0, 0, 0, 1], [0, 0, 0, 0, 0, 0], [1, 0, 0, 0, 0, 0], [0, 0, 0, 0, 1, 0]]]",2,4,"['aaab', 'aaAB', 'aAA', 'A']","{'aaab': [4], 'aaAB': [5], 'aAA': [0, 1, 2], 'A': [3]}","[[[0, 0, 1, 0, 0, 0], [0, 0, 0, 1, 0, 0], [0, 0, 0, 0, 0, 1], [0, 0, 0, 0, 0, 0], [1, 1, 1, 0, 0, 0], [1, 1, 0, 0, 0, 0]], [[0, 0, 0, 0, 0, 0], [0, 0, 0, 0, 0, 0], [0, 0, 0, 0, 0, 0], [0, 0, 0, 0, 0, 0], [0, 0, 0, 0, 0, 1], [0, 0, 0, 0, 0, 0]]]",FALSE,0.9304657,2.6225179
EQzo,3,3,2,"['bccc', 'Bc', 'cCC']","{'bccc': [5], 'Bc': [3], 'cCC': [0, 1, 2, 4]}","[[[0, 0, 0, 0, 0, 0], [0, 0, 0, 0, 0, 0], [0, 0, 0, 0, 0, 0], [0, 0, 0, 0, 0, 0], [0, 0, 0, 0, 0, 0], [0, 0, 0, 0, 0, 0]], [[0, 0, 0, 0, 0, 0], [0, 0, 0, 0, 0, 0], [0, 0, 0, 0, 0, 0], [0, 0, 0, 0, 0, 0], [0, 0, 0, 0, 0, 0], [0, 0, 0, 1, 0, 0]], [[0, 0, 0, 0, 1, 0], [0, 0, 0, 0, 1, 0], [1, 0, 0, 0, 0, 0], [0, 1, 0, 0, 0, 0], [0, 0, 1, 0, 0, 0], [1, 1, 1, 0, 0, 0]]]",2,3,,,,TRUE,0.0713048,1.488611
EQzw,3,4,2,"['abB', 'AAbbb', 'AB', 'bBBB']","{'abB': [0, 1, 2], 'AAbbb': [5], 'AB': [3], 'bBBB': [4]}","[[[0, 0, 0, 0, 0, 1], [0, 0, 0, 1, 0, 0], [0, 0, 0, 0, 0, 1], [0, 0, 0, 0, 0, 0], [0, 0, 0, 0, 0, 0], [0, 0, 0, 0, 0, 0]], [[0, 0, 1, 0, 0, 0], [0, 0, 0, 0, 1, 0], [0, 0, 0, 0, 1, 0], [0, 0, 0, 0, 0, 0], [1, 0, 0, 0, 0, 0], [0, 1, 0, 1, 1, 0]]]",2,4,,,,TRUE,0.1561564,2.8918415
EQ~o,3,3,2,"['acC', 'AAAc', 'AcCC']","{'acC': [0, 1, 2, 3], 'AAAc': [5], 'AcCC': [4]}","[[[0, 0, 0, 0, 0, 1], [0, 0, 0, 0, 0, 1], [0, 0, 0, 0, 1, 0], [0, 0, 0, 0, 0, 1], [0, 0, 0, 0, 0, 0], [0, 0, 0, 0, 0, 0]], [[0, 0, 0, 0, 0, 0], [0, 0, 0, 0, 0, 0], [0, 0, 0, 0, 0, 0], [0, 0, 0, 0, 0, 0], [0, 0, 0, 0, 0, 0], [0, 0, 0, 0, 0, 0]], [[0, 0, 0, 0, 1, 0], [0, 0, 0, 1, 0, 0], [1, 0, 0, 0, 0, 0], [0, 0, 0, 0, 1, 0], [0, 1, 0, 0, 0, 0], [0, 0, 1, 0, 0, 0]]]",2,3,,,,TRUE,0.7923652,2.0451788
EQ~w,3,3,2,"['abB', 'AAbbB', 'AAbBB']","{'abB': [0, 1, 2, 3], 'AAbbB': [5], 'AAbBB': [4]}","[[[0, 0, 0, 0, 1, 0], [0, 0, 0, 0, 0, 1], [0, 0, 0, 0, 0, 1], [0, 0, 0, 0, 1, 0], [0, 0, 0, 0, 0, 0], [0, 0, 0, 0, 0, 0]], [[0, 0, 1, 0, 0, 0], [0, 0, 0, 0, 1, 0], [0, 0, 0, 0, 1, 0], [0, 1, 0, 0, 0, 0], [0, 0, 0, 0, 0, 1], [1, 0, 0, 1, 0, 0]]]",1,3,"['aaaAA', 'aaA', 'AAAAA']","{'aaaAA': [5], 'aaA': [0, 1, 2, 3], 'AAAAA': [4]}","[[[0, 0, 0, 0, 1, 1], [0, 0, 0, 0, 1, 1], [1, 0, 0, 0, 1, 0], [0, 1, 0, 0, 1, 0], [0, 0, 0, 0, 0, 0], [0, 0, 1, 1, 1, 0]]]",FALSE,0.3387834,0.0637819
ETno,3,4,2,"['aaaC', 'AccC', 'cCC', 'C']","{'aaaC': [3], 'AccC': [0, 2, 5], 'cCC': [4], 'C': [1]}","[[[0, 0, 0, 0, 0, 0], [0, 0, 0, 0, 0, 0], [0, 0, 0, 0, 0, 0], [1, 0, 1, 0, 0, 1], [0, 0, 0, 0, 0, 0], [0, 0, 0, 0, 0, 0]], [[0, 0, 0, 0, 0, 0], [0, 0, 0, 0, 0, 0], [0, 0, 0, 0, 0, 0], [0, 0, 0, 0, 0, 0], [0, 0, 0, 0, 0, 0], [0, 0, 0, 0, 0, 0]], [[0, 0, 0, 0, 1, 1], [0, 0, 0, 0, 0, 0], [1, 0, 0, 0, 1, 0], [0, 0, 0, 0, 0, 0], [0, 0, 0, 1, 0, 0], [0, 1, 1, 0, 0, 0]]]",2,4,,,,TRUE,3.7703106,1.2206796
ETnw,3,4,2,"['abbB', 'AbbB', 'b', 'BBBBB']","{'abbB': [0, 2], 'AbbB': [3, 4], 'b': [1], 'BBBBB': [5]}","[[[0, 0, 0, 1, 0, 0], [0, 0, 0, 0, 0, 0], [0, 0, 0, 0, 1, 0], [0, 0, 0, 0, 0, 0], [0, 0, 0, 0, 0, 0], [0, 0, 0, 0, 0, 0]], [[0, 0, 0, 0, 1, 1], [0, 0, 0, 0, 0, 1], [1, 0, 0, 0, 0, 1], [0, 0, 1, 0, 0, 1], [0, 0, 0, 1, 0, 1], [0, 0, 0, 0, 0, 0]]]",2,4,,,,TRUE,0.5080688,1.5519542
E?zW,3,4,3,"['a', 'AbBc', 'bC', 'BC']","{'a': [2, 3], 'AbBc': [4, 5], 'bC': [1], 'BC': [0]}","[[[0, 0, 0, 0, 0, 0], [0, 0, 0, 0, 0, 0], [0, 0, 0, 0, 1, 0], [0, 0, 0, 0, 0, 1], [0, 0, 0, 0, 0, 0], [0, 0, 0, 0, 0, 0]], [[0, 0, 0, 0, 0, 0], [0, 0, 0, 0, 0, 1], [0, 0, 0, 0, 0, 0], [0, 0, 0, 0, 0, 0], [1, 0, 0, 0, 0, 0], [0, 0, 0, 0, 1, 0]], [[0, 0, 0, 0, 0, 0], [0, 0, 0, 0, 0, 0], [0, 0, 0, 0, 0, 0], [0, 0, 0, 0, 0, 0], [0, 1, 0, 0, 0, 0], [1, 0, 0, 0, 0, 0]]]",2,4,"['aaaB', 'Ab', 'ABBB', 'b']","{'aaaB': [5], 'Ab': [0, 1], 'ABBB': [4], 'b': [2, 3]}","[[[0, 0, 0, 0, 0, 0], [0, 0, 0, 0, 0, 0], [0, 0, 0, 0, 0, 0], [0, 0, 0, 0, 0, 0], [0, 0, 0, 0, 0, 0], [1, 1, 0, 0, 1, 0]], [[0, 0, 0, 0, 1, 0], [0, 0, 0, 0, 1, 0], [0, 0, 0, 0, 1, 0], [0, 0, 0, 0, 0, 1], [0, 0, 0, 0, 0, 0], [0, 0, 0, 0, 0, 0]]]",FALSE,1.7993845,0.9583292
ETzg,3,3,3,"['aABc', 'bbbc', 'CC']","{'aABc': [0, 2, 4], 'bbbc': [5], 'CC': [1, 3]}","[[[0, 0, 1, 0, 0, 0], [0, 0, 0, 0, 0, 0], [0, 0, 0, 0, 1, 0], [0, 0, 0, 0, 0, 0], [1, 0, 0, 0, 0, 0], [0, 0, 0, 0, 0, 0]], [[0, 0, 0, 0, 0, 0], [0, 0, 0, 0, 0, 0], [0, 0, 0, 0, 0, 0], [0, 0, 0, 0, 0, 0], [0, 0, 0, 0, 0, 0], [1, 0, 1, 0, 1, 0]], [[0, 0, 0, 1, 0, 0], [0, 0, 0, 0, 0, 0], [0, 0, 0, 1, 0, 0], [0, 0, 0, 0, 0, 0], [0, 1, 0, 0, 0, 0], [0, 1, 0, 0, 0, 0]]]",2,4,"['aaab', 'aABB', 'AbbB', 'Ab']","{'aaab': [4], 'aABB': [0, 2], 'AbbB': [5], 'Ab': [1, 3]}","[[[0, 0, 0, 1, 0, 0], [0, 0, 0, 0, 0, 0], [1, 0, 0, 0, 0, 0], [0, 0, 0, 0, 0, 0], [0, 1, 1, 0, 0, 1], [0, 0, 0, 0, 0, 0]], [[0, 0, 0, 0, 0, 0], [0, 0, 0, 0, 0, 1], [0, 0, 0, 0, 0, 0], [0, 0, 1, 0, 0, 0], [1, 0, 0, 0, 0, 0], [1, 0, 1, 0, 0, 0]]]",FALSE,0.3083894,4.0503292
ETzo,3,3,2,"['abBB', 'ab', 'AAb']","{'abBB': [0, 2, 5], 'ab': [1], 'AAb': [3, 4]}","[[[0, 0, 0, 1, 0, 0], [0, 0, 0, 0, 1, 0], [0, 0, 0, 0, 1, 0], [0, 0, 0, 0, 0, 0], [0, 0, 0, 0, 0, 0], [0, 0, 0, 1, 0, 0]], [[0, 0, 0, 0, 0, 1], [0, 0, 0, 0, 0, 1], [1, 0, 0, 0, 0, 0], [0, 0, 1, 0, 0, 0], [1, 0, 0, 0, 0, 0], [0, 0, 1, 0, 0, 0]], [[0, 0, 0, 0, 0, 0], [0, 0, 0, 0, 0, 0], [0, 0, 0, 0, 0, 0], [0, 0, 0, 0, 0, 0], [0, 0, 0, 0, 0, 0], [0, 0, 0, 0, 0, 0]]]",2,3,,,,TRUE,0.0999023,1.502997
ETzw,3,4,2,"['aAAB', 'abbbb', 'abB', 'aB']","{'aAAB': [0, 2, 4], 'abbbb': [5], 'abB': [3], 'aB': [1]}","[[[0, 0, 0, 0, 1, 0], [0, 0, 0, 0, 1, 0], [1, 0, 0, 0, 0, 0], [0, 0, 1, 0, 0, 0], [0, 0, 1, 0, 0, 0], [1, 0, 0, 0, 0, 0]], [[0, 0, 0, 0, 0, 0], [0, 0, 0, 0, 0, 0], [0, 0, 0, 0, 0, 0], [1, 0, 0, 0, 0, 0], [0, 0, 0, 0, 0, 0], [0, 1, 1, 1, 1, 0]]]",2,4,,,,TRUE,0.1562696,2.4032359
ET~w,3,3,2,"['aaAB', 'ab', 'AAbbB']","{'aaAB': [0, 2, 3], 'ab': [1], 'AAbbB': [4, 5]}","[[[0, 0, 1, 0, 1, 0], [0, 0, 0, 0, 0, 1], [0, 0, 0, 1, 0, 1], [1, 0, 0, 0, 1, 0], [0, 0, 0, 0, 0, 0], [0, 0, 0, 0, 0, 0]], [[0, 0, 0, 0, 0, 0], [0, 0, 0, 0, 1, 0], [0, 0, 0, 0, 0, 0], [0, 0, 0, 0, 0, 0], [0, 0, 1, 0, 0, 1], [1, 0, 0, 1, 0, 0]]]",2,3,,,,TRUE,0.1644889,2.476545
EUZO,3,4,3,"['aAC', 'acc', 'AB', 'bc']","{'aAC': [0, 3, 5], 'acc': [1], 'AB': [4], 'bc': [2]}","[[[0, 0, 0, 1, 0, 0], [0, 0, 0, 0, 1, 0], [0, 0, 0, 0, 0, 0], [0, 0, 0, 0, 0, 1], [0, 0, 0, 0, 0, 0], [1, 0, 0, 0, 0, 0]], [[0, 0, 0, 0, 0, 0], [0, 0, 0, 0, 0, 0], [0, 0, 0, 0, 1, 0], [0, 0, 0, 0, 0, 0], [0, 0, 0, 0, 0, 0], [0, 0, 0, 0, 0, 0]], [[0, 0, 0, 0, 0, 0], [0, 0, 0, 1, 0, 1], [1, 0, 0, 0, 0, 0], [0, 0, 0, 0, 0, 0], [0, 0, 0, 0, 0, 0], [0, 0, 0, 0, 0, 0]]]",3,4,,,,TRUE,1.1668089,496.9216789
EUZ_,3,3,2,"['bbc', 'bBC', 'Bc']","{'bbc': [2], 'bBC': [0, 1, 5], 'Bc': [3, 4]}","[[[0, 0, 0, 0, 0, 0], [0, 0, 0, 0, 0, 0], [0, 0, 0, 0, 0, 0], [0, 0, 0, 0, 0, 0], [0, 0, 0, 0, 0, 0], [0, 0, 0, 0, 0, 0]], [[0, 0, 0, 0, 0, 1], [0, 0, 0, 1, 0, 0], [1, 0, 0, 0, 1, 0], [0, 0, 0, 0, 0, 0], [0, 0, 0, 0, 0, 0], [0, 1, 0, 0, 0, 0]], [[0, 0, 0, 0, 0, 0], [0, 0, 0, 0, 0, 0], [0, 0, 0, 0, 0, 1], [1, 0, 0, 0, 0, 0], [0, 1, 0, 0, 0, 0], [0, 0, 0, 0, 0, 0]]]",2,3,,,,TRUE,0.3946102,0.5320243
EUZo,3,3,2,"['aAb', 'aB', 'ABBB']","{'aAb': [0, 1, 2, 3], 'aB': [4], 'ABBB': [5]}","[[[0, 0, 1, 0, 0, 0], [0, 0, 0, 1, 0, 0], [0, 0, 0, 0, 0, 1], [1, 0, 0, 0, 0, 0], [0, 1, 0, 0, 0, 0], [0, 0, 0, 0, 0, 0]], [[0, 0, 0, 0, 0, 1], [0, 0, 0, 0, 0, 1], [0, 0, 0, 0, 1, 0], [0, 0, 0, 0, 0, 1], [0, 0, 0, 0, 0, 0], [0, 0, 0, 0, 0, 0]], [[0, 0, 0, 0, 0, 0], [0, 0, 0, 0, 0, 0], [0, 0, 0, 0, 0, 0], [0, 0, 0, 0, 0, 0], [0, 0, 0, 0, 0, 0], [0, 0, 0, 0, 0, 0]]]",2,3,,,,TRUE,0.1147156,1.5330768
EUZw,3,2,1,"['bbbbb', 'bBB']","{'bbbbb': [5], 'bBB': [0, 1, 2, 3, 4]}","[[[0, 0, 0, 0, 0, 0], [0, 0, 0, 0, 0, 0], [0, 0, 0, 0, 0, 0], [0, 0, 0, 0, 0, 0], [0, 0, 0, 0, 0, 0], [0, 0, 0, 0, 0, 0]], [[0, 0, 0, 1, 0, 0], [0, 0, 0, 0, 1, 0], [1, 0, 0, 0, 0, 0], [0, 1, 0, 0, 0, 0], [0, 0, 1, 0, 0, 0], [1, 1, 1, 1, 1, 0]]]",1,2,,,,TRUE,0.0168745,5.18E-05
EUxo,3,3,2,"['bbB', 'BBc', 'BBC']","{'bbB': [0, 1, 3, 4], 'BBc': [5], 'BBC': [2]}","[[[0, 0, 0, 0, 0, 0], [0, 0, 0, 0, 0, 0], [0, 0, 0, 0, 0, 0], [0, 0, 0, 0, 0, 0], [0, 0, 0, 0, 0, 0], [0, 0, 0, 0, 0, 0]], [[0, 0, 1, 0, 1, 0], [0, 0, 0, 1, 0, 1], [0, 0, 0, 0, 0, 0], [1, 0, 0, 0, 0, 1], [0, 1, 1, 0, 0, 0], [0, 0, 0, 0, 0, 0]], [[0, 0, 0, 0, 0, 0], [0, 0, 0, 0, 0, 0], [0, 0, 0, 0, 0, 0], [0, 0, 0, 0, 0, 0], [0, 0, 0, 0, 0, 0], [0, 0, 1, 0, 0, 0]]]",2,3,,,,TRUE,1.374798,0.346328
EUzW,3,4,2,"['aaAb', 'aBB', 'AAB', 'AA']","{'aaAb': [0, 4, 5], 'aBB': [3], 'AAB': [1], 'AA': [2]}","[[[0, 0, 1, 0, 0, 1], [0, 0, 0, 0, 0, 0], [0, 0, 0, 0, 0, 0], [0, 1, 0, 0, 0, 0], [1, 0, 1, 0, 0, 0], [0, 1, 0, 0, 1, 0]], [[0, 0, 0, 1, 0, 0], [0, 0, 0, 0, 0, 0], [0, 0, 0, 0, 0, 0], [0, 0, 0, 0, 0, 0], [0, 1, 0, 0, 0, 0], [0, 0, 0, 1, 0, 0]], [[0, 0, 0, 0, 0, 0], [0, 0, 0, 0, 0, 0], [0, 0, 0, 0, 0, 0], [0, 0, 0, 0, 0, 0], [0, 0, 0, 0, 0, 0], [0, 0, 0, 0, 0, 0]]]",2,4,,,,TRUE,1.9783745,1.4207979
